timestamp,machine_id,operator_id,planned_production_time_min,temperature,vibration,feed_rate_deviation,pressure,ideal_cycle_time_min,operating_time_min,total_units,defect_units,Defect_Type,downtime_duration_minutes,Is_Downtime,Downtime_Reason,OEE_Percentage,Downtime_Rate,Defect_Rate
2026-04-22 15:00:00,Line-1,OP-C,60.0,78.46,1.03,0.57,103.24,1.0,60.0,55,1,None,0.0,0,None,90.0,0.0,1.82
2026-04-22 16:00:00,Line-1,OP-A,60.0,72.01,1.24,1.1,102.65,1.0,60.0,55,0,Dent,0.0,0,None,91.67,0.0,0.0
2026-04-22 17:00:00,Line-1,OP-C,60.0,73.71,0.99,-0.1,90.21,1.0,60.0,59,1,None,0.0,0,None,96.67,0.0,1.69
2026-04-22 18:00:00,Line-1,OP-C,60.0,74.19,1.13,0.43,98.21,1.0,60.0,54,1,Dent,0.0,0,None,88.33,0.0,1.85
2026-04-22 19:00:00,Line-1,OP-A,60.0,78.37,1.25,0.57,100.28,1.0,60.0,55,1,Alignment,0.0,0,None,90.0,0.0,1.82
2026-04-22 20:00:00,Line-1,OP-A,60.0,71.54,1.26,-0.41,100.67,1.0,60.0,57,1,None,0.0,0,None,93.33,0.0,1.75
2026-04-22 21:00:00,Line-1,OP-C,60.0,75.28,1.12,0.89,101.51,1.0,60.0,54,1,Scratch,0.0,0,None,88.33,0.0,1.85
2026-04-22 22:00:00,Line-1,OP-B,60.0,77.07,1.15,-0.53,103.79,1.0,60.0,54,1,None,0.0,0,None,88.33,0.0,1.85
2026-04-22 23:00:00,Line-1,OP-C,60.0,74.38,1.14,0.4,99.96,1.0,60.0,58,1,None,0.0,0,None,95.0,0.0,1.72
2026-04-23 00:00:00,Line-1,OP-C,60.0,72.66,1.19,0.15,101.77,1.0,60.0,59,1,None,0.0,0,None,96.67,0.0,1.69
2026-04-23 01:00:00,Line-1,OP-C,60.0,74.78,1.2,0.03,99.78,1.0,60.0,58,1,None,0.0,0,None,95.0,0.0,1.72
2026-04-23 02:00:00,Line-1,OP-C,60.0,78.05,1.27,1.27,94.91,1.0,60.0,59,0,None,0.0,0,None,98.33,0.0,0.0
2026-04-23 03:00:00,Line-1,OP-A,60.0,73.77,1.15,-0.15,100.16,1.0,60.0,57,1,None,0.0,0,None,93.33,0.0,1.75
2026-04-23 04:00:00,Line-1,OP-C,60.0,77.87,1.24,-0.16,103.75,1.0,60.0,58,1,None,0.0,0,None,95.0,0.0,1.72
2026-04-23 05:00:00,Line-1,OP-B,60.0,75.52,1.25,0.67,105.54,1.0,60.0,56,0,None,0.0,0,None,93.33,0.0,0.0
2026-04-23 06:00:00,Line-1,OP-A,60.0,77.47,1.22,0.38,102.69,1.0,60.0,57,1,None,0.0,0,None,93.33,0.0,1.75
2026-04-23 07:00:00,Line-1,OP-B,60.0,75.44,1.17,0.64,106.67,1.0,60.0,59,1,None,0.0,0,None,96.67,0.0,1.69
2026-04-23 08:00:00,Line-1,OP-B,60.0,74.03,1.22,0.06,102.09,1.0,60.0,55,0,Alignment,0.0,0,None,91.67,0.0,0.0
2026-04-23 09:00:00,Line-1,OP-B,60.0,78.28,1.28,0.16,104.32,1.0,60.0,56,1,Alignment,0.0,0,None,91.67,0.0,1.79
2026-04-23 10:00:00,Line-1,OP-B,60.0,75.45,1.28,0.95,104.69,1.0,60.0,56,0,None,0.0,0,None,93.33,0.0,0.0
2026-04-23 11:00:00,Line-1,OP-A,60.0,75.33,1.38,-0.42,98.88,1.0,60.0,54,1,Scratch,0.0,0,None,88.33,0.0,1.85
2026-04-23 12:00:00,Line-1,OP-A,60.0,76.62,1.1,-0.05,103.63,1.0,60.0,54,1,None,0.0,0,None,88.33,0.0,1.85
2026-04-23 13:00:00,Line-1,OP-B,60.0,76.85,1.16,0.4,95.3,1.0,60.0,58,1,None,0.0,0,None,95.0,0.0,1.72
2026-04-23 14:00:00,Line-1,OP-B,60.0,76.63,1.04,-0.1,101.75,1.0,60.0,59,1,None,0.0,0,None,96.67,0.0,1.69
2026-04-23 15:00:00,Line-1,OP-A,60.0,72.3,1.29,-0.29,102.89,1.0,60.0,56,0,None,0.0,0,None,93.33,0.0,0.0
2026-04-23 16:00:00,Line-1,OP-A,60.0,73.73,1.17,0.31,105.26,1.0,60.0,54,0,Dent,0.0,0,None,90.0,0.0,0.0
2026-04-23 17:00:00,Line-1,OP-A,60.0,73.69,1.22,0.67,104.1,1.0,60.0,54,1,None,0.0,0,None,88.33,0.0,1.85
2026-04-23 18:00:00,Line-1,OP-C,60.0,73.44,1.14,-0.07,105.32,1.0,60.0,59,0,None,0.0,0,None,98.33,0.0,0.0
2026-04-23 19:00:00,Line-1,OP-C,60.0,73.26,1.17,-0.08,99.5,1.0,60.0,56,1,None,0.0,0,None,91.67,0.0,1.79
2026-04-23 20:00:00,Line-1,OP-C,60.0,73.66,1.32,-0.32,98.27,1.0,60.0,55,0,None,0.0,0,None,91.67,0.0,0.0
2026-04-23 21:00:00,Line-1,OP-B,60.0,75.67,1.27,-0.15,98.63,1.0,60.0,56,1,None,0.0,0,None,91.67,0.0,1.79
2026-04-23 22:00:00,Line-1,OP-C,60.0,75.99,1.19,0.54,101.33,1.0,60.0,55,0,None,0.0,0,None,91.67,0.0,0.0
2026-04-23 23:00:00,Line-1,OP-B,60.0,75.0,1.28,0.04,90.96,1.0,60.0,56,0,None,0.0,0,None,93.33,0.0,0.0
2026-04-24 00:00:00,Line-1,OP-B,60.0,74.15,1.28,-0.4,106.66,1.0,60.0,59,1,None,0.0,0,None,96.67,0.0,1.69
2026-04-24 01:00:00,Line-1,OP-C,60.0,77.55,1.16,0.13,100.22,1.0,60.0,57,0,None,0.0,0,None,95.0,0.0,0.0
2026-04-24 02:00:00,Line-1,OP-B,60.0,74.82,1.05,0.53,97.92,1.0,60.0,58,0,None,0.0,0,None,96.67,0.0,0.0
2026-04-24 03:00:00,Line-1,OP-C,60.0,76.87,1.11,-0.28,87.35,1.0,60.0,56,1,None,0.0,0,None,91.67,0.0,1.79
2026-04-24 04:00:00,Line-1,OP-C,60.0,73.86,1.07,-0.66,99.82,1.0,60.0,58,1,None,0.0,0,None,95.0,0.0,1.72
2026-04-24 05:00:00,Line-1,OP-A,60.0,75.83,1.32,1.1,99.01,1.0,60.0,57,1,None,0.0,0,None,93.33,0.0,1.75
2026-04-24 06:00:00,Line-1,OP-C,60.0,77.68,1.33,-0.69,95.51,1.0,60.0,54,0,None,0.0,0,None,90.0,0.0,0.0
2026-04-24 07:00:00,Line-1,OP-A,60.0,69.78,1.36,-0.18,96.63,1.0,60.0,57,1,None,0.0,0,None,93.33,0.0,1.75
2026-04-24 08:00:00,Line-1,OP-C,60.0,73.69,1.0,0.12,99.87,1.0,60.0,55,0,None,0.0,0,None,91.67,0.0,0.0
2026-04-24 09:00:00,Line-1,OP-C,60.0,76.19,1.31,-0.14,97.06,1.0,60.0,58,0,Scratch,0.0,0,None,96.67,0.0,0.0
2026-04-24 10:00:00,Line-1,OP-A,60.0,77.43,1.42,-0.04,102.86,1.0,60.0,56,1,None,0.0,0,None,91.67,0.0,1.79
2026-04-24 11:00:00,Line-1,OP-A,60.0,75.41,1.31,0.29,96.26,1.0,60.0,59,1,None,0.0,0,None,96.67,0.0,1.69
2026-04-24 12:00:00,Line-1,OP-C,60.0,75.1,0.98,-1.2,100.77,1.0,60.0,54,0,Dent,0.0,0,None,90.0,0.0,0.0
2026-04-24 13:00:00,Line-1,OP-B,60.0,78.22,1.38,-0.63,105.9,1.0,60.0,58,1,None,0.0,0,None,95.0,0.0,1.72
2026-04-24 14:00:00,Line-1,OP-A,60.0,77.55,1.2,0.02,99.82,1.0,60.0,58,0,None,0.0,0,None,96.67,0.0,0.0
2026-04-24 15:00:00,Line-1,OP-B,60.0,73.26,1.18,-0.2,101.78,1.0,60.0,58,1,None,0.0,0,None,95.0,0.0,1.72
2026-04-24 16:00:00,Line-1,OP-B,60.0,75.23,1.25,0.06,101.46,1.0,60.0,55,0,None,0.0,0,None,91.67,0.0,0.0
2026-04-24 17:00:00,Line-1,OP-B,60.0,75.72,1.1,0.11,100.04,1.0,60.0,56,0,None,0.0,0,None,93.33,0.0,0.0
2026-04-24 18:00:00,Line-1,OP-A,60.0,78.44,1.2,-1.06,99.66,1.0,60.0,58,1,Alignment,0.0,0,None,95.0,0.0,1.72
2026-04-24 19:00:00,Line-1,OP-B,60.0,76.73,1.36,0.64,97.14,1.0,60.0,55,1,None,0.0,0,None,90.0,0.0,1.82
2026-04-24 20:00:00,Line-1,OP-A,60.0,74.79,1.26,-0.25,100.76,1.0,60.0,55,1,None,0.0,0,None,90.0,0.0,1.82
2026-04-24 21:00:00,Line-1,OP-B,60.0,75.44,1.21,-0.43,98.58,1.0,60.0,57,0,Alignment,0.0,0,None,95.0,0.0,0.0
2026-04-24 22:00:00,Line-1,OP-C,60.0,71.23,1.21,0.1,107.73,1.0,60.0,57,0,Alignment,0.0,0,None,95.0,0.0,0.0
2026-04-24 23:00:00,Line-1,OP-C,60.0,76.94,1.08,0.05,104.06,1.0,60.0,55,1,None,0.0,0,None,90.0,0.0,1.82
2026-04-25 00:00:00,Line-1,OP-A,60.0,76.29,1.19,0.6,92.74,1.0,60.0,55,0,None,0.0,0,None,91.67,0.0,0.0
2026-04-25 01:00:00,Line-1,OP-C,60.0,77.42,1.04,0.14,93.01,1.0,60.0,55,1,Scratch,0.0,0,None,90.0,0.0,1.82
2026-04-25 02:00:00,Line-1,OP-C,60.0,74.71,1.3,0.58,99.35,1.0,60.0,58,0,None,0.0,0,None,96.67,0.0,0.0
2026-04-25 03:00:00,Line-1,OP-B,60.0,75.26,0.98,-0.47,98.02,1.0,60.0,57,1,None,0.0,0,None,93.33,0.0,1.75
2026-04-25 04:00:00,Line-1,OP-A,60.0,74.04,1.29,0.07,99.08,1.0,60.0,58,1,Scratch,0.0,0,None,95.0,0.0,1.72
2026-04-25 05:00:00,Line-1,OP-B,60.0,72.7,1.3,-0.56,103.26,1.0,60.0,59,0,None,0.0,0,None,98.33,0.0,0.0
2026-04-25 06:00:00,Line-1,OP-B,60.0,73.8,1.33,0.05,101.58,1.0,60.0,56,1,None,0.0,0,None,91.67,0.0,1.79
2026-04-25 07:00:00,Line-1,OP-B,60.0,71.36,1.21,-0.06,101.53,1.0,60.0,54,1,None,0.0,0,None,88.33,0.0,1.85
2026-04-25 08:00:00,Line-1,OP-B,60.0,76.83,1.29,-0.08,107.23,1.0,60.0,54,0,None,0.0,0,None,90.0,0.0,0.0
2026-04-25 09:00:00,Line-1,OP-B,60.0,70.65,1.18,-0.07,93.06,1.0,60.0,55,1,None,0.0,0,None,90.0,0.0,1.82
2026-04-25 10:00:00,Line-1,OP-B,60.0,79.06,1.08,0.37,100.52,1.0,60.0,59,1,None,0.0,0,None,96.67,0.0,1.69
2026-04-25 11:00:00,Line-1,OP-B,60.0,71.47,1.35,-0.8,97.1,1.0,60.0,57,0,None,0.0,0,None,95.0,0.0,0.0
2026-04-25 12:00:00,Line-1,OP-A,60.0,78.0,1.19,-0.45,107.18,1.0,60.0,55,1,None,0.0,0,None,90.0,0.0,1.82
2026-04-25 13:00:00,Line-1,OP-C,60.0,73.18,1.06,-0.02,88.95,1.0,60.0,56,0,None,0.0,0,None,93.33,0.0,0.0
2026-04-25 14:00:00,Line-1,OP-B,60.0,76.12,1.15,-0.59,89.17,1.0,60.0,57,1,None,0.0,0,None,93.33,0.0,1.75
2026-04-25 15:00:00,Line-1,OP-B,60.0,73.5,1.16,0.02,101.52,1.0,60.0,57,1,None,0.0,0,None,93.33,0.0,1.75
2026-04-25 16:00:00,Line-1,OP-B,60.0,78.35,1.25,-0.03,105.63,1.0,60.0,54,1,None,0.0,0,None,88.33,0.0,1.85
2026-04-25 17:00:00,Line-1,OP-B,60.0,75.09,1.43,-0.7,103.87,1.0,60.0,59,1,None,0.0,0,None,96.67,0.0,1.69
2026-04-25 18:00:00,Line-1,OP-B,60.0,77.15,1.25,-0.73,96.0,1.0,60.0,57,1,None,0.0,0,None,93.33,0.0,1.75
2026-04-25 19:00:00,Line-1,OP-B,60.0,75.15,1.22,-1.31,107.53,1.0,60.0,54,1,None,0.0,0,None,88.33,0.0,1.85
2026-04-25 20:00:00,Line-1,OP-C,60.0,75.71,1.45,-0.61,93.84,1.0,60.0,59,0,Scratch,0.0,0,None,98.33,0.0,0.0
2026-04-25 21:00:00,Line-1,OP-C,60.0,76.23,1.3,0.01,106.54,1.0,60.0,54,1,None,0.0,0,None,88.33,0.0,1.85
2026-04-25 22:00:00,Line-1,OP-B,60.0,73.94,1.23,0.08,94.5,1.0,60.0,59,0,None,0.0,0,None,98.33,0.0,0.0
2026-04-25 23:00:00,Line-1,OP-C,60.0,72.44,1.15,0.1,98.24,1.0,60.0,59,1,Alignment,0.0,0,None,96.67,0.0,1.69
2026-04-26 00:00:00,Line-1,OP-A,60.0,72.4,1.23,-0.39,103.2,1.0,60.0,58,1,None,0.0,0,None,95.0,0.0,1.72
2026-04-26 01:00:00,Line-1,OP-B,60.0,75.1,1.19,-0.01,92.67,1.0,60.0,58,0,None,0.0,0,None,96.67,0.0,0.0
2026-04-26 02:00:00,Line-1,OP-A,60.0,74.02,1.21,0.2,107.35,1.0,60.0,56,0,None,0.0,0,None,93.33,0.0,0.0
2026-04-26 03:00:00,Line-1,OP-A,60.0,70.71,1.33,-0.63,98.21,1.0,60.0,59,1,None,0.0,0,None,96.67,0.0,1.69
2026-04-26 04:00:00,Line-1,OP-B,60.0,76.03,1.15,0.06,100.69,1.0,60.0,57,1,Alignment,0.0,0,None,93.33,0.0,1.75
2026-04-26 05:00:00,Line-1,OP-C,60.0,72.56,1.25,0.33,105.81,1.0,60.0,58,1,None,0.0,0,None,95.0,0.0,1.72
2026-04-26 06:00:00,Line-1,OP-A,60.0,72.68,1.29,-0.25,96.03,1.0,60.0,59,1,None,0.0,0,None,96.67,0.0,1.69
2026-04-26 07:00:00,Line-1,OP-B,60.0,74.92,1.13,0.53,105.3,1.0,60.0,59,1,None,0.0,0,None,96.67,0.0,1.69
2026-04-26 08:00:00,Line-1,OP-A,60.0,73.2,1.12,-0.23,108.2,1.0,60.0,58,1,None,0.0,0,None,95.0,0.0,1.72
2026-04-26 09:00:00,Line-1,OP-A,60.0,75.25,1.18,-0.43,96.72,1.0,60.0,55,0,None,0.0,0,None,91.67,0.0,0.0
2026-04-26 10:00:00,Line-1,OP-A,60.0,78.95,1.15,0.28,106.85,1.0,60.0,59,0,None,0.0,0,None,98.33,0.0,0.0
2026-04-26 11:00:00,Line-1,OP-A,60.0,74.24,1.32,1.02,91.2,1.0,60.0,57,1,None,0.0,0,None,93.33,0.0,1.75
2026-04-26 12:00:00,Line-1,OP-C,60.0,72.88,1.1,0.04,101.95,1.0,60.0,59,1,None,0.0,0,None,96.67,0.0,1.69
2026-04-26 13:00:00,Line-1,OP-A,60.0,75.36,1.21,0.32,93.86,1.0,60.0,58,0,Dent,0.0,0,None,96.67,0.0,0.0
2026-04-26 14:00:00,Line-1,OP-A,60.0,73.45,1.45,-0.25,104.71,1.0,60.0,55,0,Alignment,0.0,0,None,91.67,0.0,0.0
2026-04-26 15:00:00,Line-1,OP-A,60.0,75.05,1.24,-0.62,104.3,1.0,60.0,56,0,None,0.0,0,None,93.33,0.0,0.0
2026-04-26 16:00:00,Line-1,OP-C,60.0,75.63,1.26,0.08,110.39,1.0,60.0,57,1,None,0.0,0,None,93.33,0.0,1.75
2026-04-26 17:00:00,Line-1,OP-A,60.0,74.93,1.32,0.16,107.11,1.0,60.0,58,1,None,0.0,0,None,95.0,0.0,1.72
2026-04-26 18:00:00,Line-1,OP-A,60.0,75.11,1.15,-0.18,99.17,1.0,60.0,55,1,None,0.0,0,None,90.0,0.0,1.82
2026-04-26 19:00:00,Line-1,OP-C,60.0,75.38,1.09,0.32,94.59,1.0,60.0,57,1,Scratch,0.0,0,None,93.33,0.0,1.75
2026-04-26 20:00:00,Line-1,OP-C,60.0,78.19,1.22,-0.33,102.83,1.0,60.0,56,0,None,0.0,0,None,93.33,0.0,0.0
2026-04-26 21:00:00,Line-1,OP-C,60.0,74.49,1.23,-0.45,99.7,1.0,60.0,58,1,None,0.0,0,None,95.0,0.0,1.72
2026-04-26 22:00:00,Line-1,OP-A,60.0,75.25,1.04,0.53,107.76,1.0,60.0,56,1,Scratch,0.0,0,None,91.67,0.0,1.79
2026-04-26 23:00:00,Line-1,OP-C,60.0,76.73,1.24,0.53,89.17,1.0,60.0,54,1,None,0.0,0,None,88.33,0.0,1.85
2026-04-27 00:00:00,Line-1,OP-C,60.0,75.94,1.31,-0.32,110.94,1.0,60.0,54,1,Dent,0.0,0,None,88.33,0.0,1.85
2026-04-27 01:00:00,Line-1,OP-A,60.0,74.28,1.11,0.86,102.66,1.0,60.0,54,1,Dent,0.0,0,None,88.33,0.0,1.85
2026-04-27 02:00:00,Line-1,OP-C,60.0,76.8,1.24,-0.14,95.93,1.0,60.0,56,1,None,0.0,0,None,91.67,0.0,1.79
2026-04-27 03:00:00,Line-1,OP-A,60.0,73.26,1.29,0.04,103.67,1.0,60.0,54,1,None,0.0,0,None,88.33,0.0,1.85
2026-04-27 04:00:00,Line-1,OP-B,60.0,74.55,1.26,-0.04,106.49,1.0,60.0,54,0,Alignment,0.0,0,None,90.0,0.0,0.0
2026-04-27 05:00:00,Line-1,OP-C,60.0,73.46,1.27,0.26,100.57,1.0,60.0,59,0,Dent,0.0,0,None,98.33,0.0,0.0
2026-04-27 06:00:00,Line-1,OP-B,60.0,76.15,1.18,0.14,91.18,1.0,60.0,59,1,None,0.0,0,None,96.67,0.0,1.69
2026-04-27 07:00:00,Line-1,OP-A,60.0,77.38,1.09,0.13,98.53,1.0,60.0,56,0,Scratch,0.0,0,None,93.33,0.0,0.0
2026-04-27 08:00:00,Line-1,OP-C,60.0,75.45,1.16,-0.51,105.2,1.0,60.0,59,1,None,0.0,0,None,96.67,0.0,1.69
2026-04-27 09:00:00,Line-1,OP-A,60.0,75.15,1.14,-0.84,102.48,1.0,60.0,54,0,None,0.0,0,None,90.0,0.0,0.0
2026-04-27 10:00:00,Line-1,OP-B,60.0,73.25,1.19,0.57,99.22,1.0,60.0,57,1,Scratch,0.0,0,None,93.33,0.0,1.75
2026-04-27 11:00:00,Line-1,OP-A,60.0,73.59,1.31,-0.27,106.54,1.0,60.0,57,1,None,0.0,0,None,93.33,0.0,1.75
2026-04-27 12:00:00,Line-1,OP-C,60.0,72.61,1.07,-0.02,103.7,1.0,60.0,56,1,Dent,0.0,0,None,91.67,0.0,1.79
2026-04-27 13:00:00,Line-1,OP-C,60.0,70.65,1.21,0.16,104.08,1.0,60.0,56,1,None,0.0,0,None,91.67,0.0,1.79
2026-04-27 14:00:00,Line-1,OP-B,60.0,74.22,1.09,0.81,97.95,1.0,60.0,56,1,None,0.0,0,None,91.67,0.0,1.79
2026-04-27 15:00:00,Line-1,OP-A,60.0,74.4,1.13,0.08,97.46,1.0,60.0,56,1,None,0.0,0,None,91.67,0.0,1.79
2026-04-27 16:00:00,Line-1,OP-C,60.0,79.35,1.26,-0.2,91.5,1.0,60.0,58,1,None,0.0,0,None,95.0,0.0,1.72
2026-04-27 17:00:00,Line-1,OP-B,60.0,78.13,1.08,-0.26,98.7,1.0,60.0,54,0,None,0.0,0,None,90.0,0.0,0.0
2026-04-27 18:00:00,Line-1,OP-C,60.0,76.11,1.27,-0.02,104.68,1.0,60.0,55,1,None,0.0,0,None,90.0,0.0,1.82
2026-04-27 19:00:00,Line-1,OP-C,60.0,79.17,1.06,-0.45,98.98,1.0,60.0,55,1,None,0.0,0,None,90.0,0.0,1.82
2026-04-27 20:00:00,Line-1,OP-A,60.0,77.78,1.27,0.01,102.23,1.0,60.0,55,1,None,0.0,0,None,90.0,0.0,1.82
2026-04-27 21:00:00,Line-1,OP-C,60.0,70.98,1.05,-0.03,105.56,1.0,60.0,57,0,None,0.0,0,None,95.0,0.0,0.0
2026-04-27 22:00:00,Line-1,OP-A,60.0,77.13,1.14,0.82,101.86,1.0,60.0,54,0,Scratch,0.0,0,None,90.0,0.0,0.0
2026-04-27 23:00:00,Line-1,OP-C,60.0,76.42,1.39,-0.04,102.35,1.0,60.0,59,1,None,0.0,0,None,96.67,0.0,1.69
2026-04-28 00:00:00,Line-1,OP-B,60.0,74.42,1.37,-0.96,93.21,1.0,60.0,55,1,None,0.0,0,None,90.0,0.0,1.82
2026-04-28 01:00:00,Line-1,OP-C,60.0,72.17,1.16,1.34,98.39,1.0,60.0,54,0,None,0.0,0,None,90.0,0.0,0.0
2026-04-28 02:00:00,Line-1,OP-A,60.0,76.19,1.24,0.48,108.63,1.0,60.0,58,0,None,0.0,0,None,96.67,0.0,0.0
2026-04-28 03:00:00,Line-1,OP-A,60.0,70.84,1.32,1.04,100.52,1.0,60.0,54,1,None,0.0,0,None,88.33,0.0,1.85
2026-04-28 04:00:00,Line-1,OP-B,60.0,74.96,1.27,-0.58,109.48,1.0,60.0,57,1,None,0.0,0,None,93.33,0.0,1.75
2026-04-28 05:00:00,Line-1,OP-C,60.0,73.77,1.17,-0.11,96.38,1.0,60.0,58,0,None,0.0,0,None,96.67,0.0,0.0
2026-04-28 06:00:00,Line-1,OP-C,60.0,72.48,1.13,0.34,101.17,1.0,60.0,55,1,None,0.0,0,None,90.0,0.0,1.82
2026-04-28 07:00:00,Line-1,OP-B,60.0,77.38,1.29,0.27,98.09,1.0,60.0,54,0,Scratch,0.0,0,None,90.0,0.0,0.0
2026-04-28 08:00:00,Line-1,OP-C,60.0,74.92,1.31,0.15,102.96,1.0,60.0,56,0,None,0.0,0,None,93.33,0.0,0.0
2026-04-28 09:00:00,Line-1,OP-C,60.0,75.35,1.37,-1.1,104.48,1.0,60.0,54,1,None,0.0,0,None,88.33,0.0,1.85
2026-04-28 10:00:00,Line-1,OP-A,60.0,76.82,1.03,-0.86,103.01,1.0,60.0,54,0,None,0.0,0,None,90.0,0.0,0.0
2026-04-28 11:00:00,Line-1,OP-C,60.0,74.98,1.07,0.76,105.21,1.0,60.0,55,1,None,0.0,0,None,90.0,0.0,1.82
2026-04-28 12:00:00,Line-1,OP-C,60.0,75.9,1.32,0.85,99.93,1.0,60.0,55,1,None,0.0,0,None,90.0,0.0,1.82
2026-04-28 13:00:00,Line-1,OP-B,60.0,76.63,1.04,-0.05,99.05,1.0,60.0,57,1,None,0.0,0,None,93.33,0.0,1.75
2026-04-28 14:00:00,Line-1,OP-B,60.0,76.13,1.32,0.7,91.21,1.0,60.0,58,0,None,0.0,0,None,96.67,0.0,0.0
2026-04-28 15:00:00,Line-1,OP-A,60.0,75.57,1.18,-0.51,103.19,1.0,60.0,57,0,None,0.0,0,None,95.0,0.0,0.0
2026-04-28 16:00:00,Line-1,OP-C,60.0,78.57,1.15,-0.4,100.86,1.0,60.0,54,0,None,0.0,0,None,90.0,0.0,0.0
2026-04-28 17:00:00,Line-1,OP-C,60.0,77.48,1.22,-0.55,99.66,1.0,60.0,55,1,None,0.0,0,None,90.0,0.0,1.82
2026-04-28 18:00:00,Line-1,OP-C,60.0,74.83,1.07,-0.42,99.05,1.0,60.0,59,1,None,0.0,0,None,96.67,0.0,1.69
2026-04-28 19:00:00,Line-1,OP-A,60.0,73.18,1.28,0.36,99.82,1.0,60.0,57,1,None,0.0,0,None,93.33,0.0,1.75
2026-04-28 20:00:00,Line-1,OP-A,60.0,76.28,1.37,-0.43,98.82,1.0,60.0,59,1,None,0.0,0,None,96.67,0.0,1.69
2026-04-28 21:00:00,Line-1,OP-B,60.0,75.43,1.29,1.12,97.36,1.0,60.0,56,1,None,0.0,0,None,91.67,0.0,1.79
2026-04-28 22:00:00,Line-1,OP-A,60.0,78.42,1.18,0.23,101.2,1.0,60.0,57,1,None,0.0,0,None,93.33,0.0,1.75
2026-04-28 23:00:00,Line-1,OP-C,60.0,76.97,1.05,0.54,102.42,1.0,60.0,57,0,None,0.0,0,None,95.0,0.0,0.0
2026-04-29 00:00:00,Line-1,OP-C,60.0,76.53,1.05,0.24,96.15,1.0,60.0,55,0,None,0.0,0,None,91.67,0.0,0.0
2026-04-29 01:00:00,Line-1,OP-A,60.0,75.03,1.07,0.61,98.0,1.0,60.0,56,1,None,0.0,0,None,91.67,0.0,1.79
2026-04-29 02:00:00,Line-1,OP-C,60.0,73.25,1.2,-0.43,98.98,1.0,60.0,57,0,None,0.0,0,None,95.0,0.0,0.0
2026-04-29 03:00:00,Line-1,OP-C,60.0,74.6,1.21,0.72,100.02,1.0,60.0,55,0,None,0.0,0,None,91.67,0.0,0.0
2026-04-29 04:00:00,Line-1,OP-A,60.0,75.95,1.29,0.07,99.36,1.0,60.0,55,1,None,0.0,0,None,90.0,0.0,1.82
2026-04-29 05:00:00,Line-1,OP-A,60.0,71.54,1.02,0.6,103.3,1.0,60.0,58,1,None,0.0,0,None,95.0,0.0,1.72
2026-04-29 06:00:00,Line-1,OP-C,60.0,77.48,1.33,-0.72,91.74,1.0,60.0,59,0,None,0.0,0,None,98.33,0.0,0.0
2026-04-29 07:00:00,Line-1,OP-C,60.0,79.13,1.27,0.09,92.62,1.0,60.0,56,1,Scratch,0.0,0,None,91.67,0.0,1.79
2026-04-29 08:00:00,Line-1,OP-C,60.0,71.11,1.17,0.07,100.97,1.0,60.0,55,1,None,0.0,0,None,90.0,0.0,1.82
2026-04-29 09:00:00,Line-1,OP-B,60.0,72.2,1.08,-0.31,96.99,1.0,60.0,55,1,None,0.0,0,None,90.0,0.0,1.82
2026-04-29 10:00:00,Line-1,OP-B,60.0,75.46,1.32,0.16,104.42,1.0,60.0,58,0,Scratch,0.0,0,None,96.67,0.0,0.0
2026-04-29 11:00:00,Line-1,OP-B,60.0,73.83,1.17,0.77,105.85,1.0,60.0,55,0,Scratch,0.0,0,None,91.67,0.0,0.0
2026-04-29 12:00:00,Line-1,OP-A,60.0,75.52,1.2,-0.35,101.17,1.0,60.0,59,1,None,0.0,0,None,96.67,0.0,1.69
2026-04-29 13:00:00,Line-1,OP-B,60.0,74.86,1.24,0.48,94.64,1.0,60.0,55,1,None,0.0,0,None,90.0,0.0,1.82
2026-04-29 14:00:00,Line-1,OP-A,60.0,72.95,1.11,-0.56,105.27,1.0,60.0,56,1,None,0.0,0,None,91.67,0.0,1.79
2026-04-29 15:00:00,Line-1,OP-A,60.0,77.58,1.17,1.05,100.99,1.0,60.0,57,1,None,0.0,0,None,93.33,0.0,1.75
2026-04-29 16:00:00,Line-1,OP-B,60.0,75.93,1.29,0.39,92.57,1.0,60.0,58,0,None,0.0,0,None,96.67,0.0,0.0
2026-04-29 17:00:00,Line-1,OP-B,60.0,73.88,1.28,0.86,93.01,1.0,60.0,56,0,None,0.0,0,None,93.33,0.0,0.0
2026-04-29 18:00:00,Line-1,OP-B,60.0,78.01,1.28,0.34,107.58,1.0,60.0,56,1,None,0.0,0,None,91.67,0.0,1.79
2026-04-29 19:00:00,Line-1,OP-C,60.0,73.98,1.08,0.2,106.76,1.0,60.0,59,0,Dent,0.0,0,None,98.33,0.0,0.0
2026-04-29 20:00:00,Line-1,OP-B,60.0,72.52,1.18,0.4,87.41,1.0,60.0,54,0,Alignment,0.0,0,None,90.0,0.0,0.0
2026-04-29 21:00:00,Line-1,OP-C,60.0,75.37,1.16,-0.07,93.21,1.0,60.0,59,1,None,0.0,0,None,96.67,0.0,1.69
2026-04-29 22:00:00,Line-1,OP-A,60.0,75.71,1.24,-0.81,105.7,1.0,60.0,54,0,None,0.0,0,None,90.0,0.0,0.0
2026-04-29 23:00:00,Line-1,OP-C,60.0,76.06,1.23,0.22,99.91,1.0,60.0,58,0,None,0.0,0,None,96.67,0.0,0.0
2026-04-30 00:00:00,Line-1,OP-B,60.0,76.39,1.22,-0.38,103.51,1.0,60.0,57,1,Scratch,0.0,0,None,93.33,0.0,1.75
2026-04-30 01:00:00,Line-1,OP-A,60.0,76.03,1.45,-0.55,99.69,1.0,60.0,56,0,None,0.0,0,None,93.33,0.0,0.0
2026-04-30 02:00:00,Line-1,OP-A,60.0,75.95,1.17,0.32,103.27,1.0,60.0,59,0,None,0.0,0,None,98.33,0.0,0.0
2026-04-30 03:00:00,Line-1,OP-A,60.0,73.85,1.16,-0.14,100.03,1.0,60.0,54,1,None,0.0,0,None,88.33,0.0,1.85
2026-04-30 04:00:00,Line-1,OP-C,60.0,73.64,1.08,0.51,97.81,1.0,60.0,55,1,None,0.0,0,None,90.0,0.0,1.82
2026-04-30 05:00:00,Line-1,OP-B,60.0,76.48,1.05,-0.39,105.29,1.0,60.0,57,0,None,0.0,0,None,95.0,0.0,0.0
2026-04-30 06:00:00,Line-1,OP-A,60.0,75.49,1.08,-0.24,101.01,1.0,60.0,56,1,None,0.0,0,None,91.67,0.0,1.79
2026-04-30 07:00:00,Line-1,OP-A,60.0,76.64,1.13,0.58,103.26,1.0,60.0,57,1,None,0.0,0,None,93.33,0.0,1.75
2026-04-30 08:00:00,Line-1,OP-A,60.0,71.59,1.33,0.14,100.79,1.0,60.0,54,1,None,0.0,0,None,88.33,0.0,1.85
2026-04-30 09:00:00,Line-1,OP-C,60.0,74.0,1.2,-0.74,97.57,1.0,60.0,54,1,None,0.0,0,None,88.33,0.0,1.85
2026-04-30 10:00:00,Line-1,OP-C,60.0,78.81,1.22,0.13,108.04,1.0,60.0,54,1,None,0.0,0,None,88.33,0.0,1.85
2026-04-30 11:00:00,Line-1,OP-B,60.0,76.11,1.19,0.74,101.77,1.0,60.0,55,1,Scratch,0.0,0,None,90.0,0.0,1.82
2026-04-30 12:00:00,Line-1,OP-C,60.0,75.59,1.24,-0.24,98.22,1.0,60.0,56,0,Dent,0.0,0,None,93.33,0.0,0.0
2026-04-30 13:00:00,Line-1,OP-A,60.0,76.42,1.34,0.3,106.39,1.0,60.0,58,0,Alignment,0.0,0,None,96.67,0.0,0.0
2026-04-30 14:00:00,Line-1,OP-B,60.0,79.42,1.0,-0.42,93.4,1.0,60.0,59,1,Scratch,0.0,0,None,96.67,0.0,1.69
2026-04-30 15:00:00,Line-1,OP-A,60.0,79.0,1.32,-0.07,111.18,1.0,60.0,59,1,None,0.0,0,None,96.67,0.0,1.69
2026-04-30 16:00:00,Line-1,OP-A,60.0,71.84,0.95,0.54,99.1,1.0,60.0,55,0,None,0.0,0,None,91.67,0.0,0.0
2026-04-30 17:00:00,Line-1,OP-C,60.0,72.58,1.2,0.11,93.66,1.0,60.0,56,1,None,0.0,0,None,91.67,0.0,1.79
2026-04-30 18:00:00,Line-1,OP-B,60.0,71.77,1.42,0.64,109.53,1.0,60.0,55,1,Dent,0.0,0,None,90.0,0.0,1.82
2026-04-30 19:00:00,Line-1,OP-C,60.0,73.51,1.27,0.21,97.68,1.0,60.0,55,1,None,0.0,0,None,90.0,0.0,1.82
2026-04-30 20:00:00,Line-1,OP-C,60.0,75.11,1.24,1.11,101.22,1.0,60.0,57,0,None,0.0,0,None,95.0,0.0,0.0
2026-04-30 21:00:00,Line-1,OP-B,60.0,75.48,1.4,-0.78,103.59,1.0,60.0,54,1,Scratch,0.0,0,None,88.33,0.0,1.85
2026-04-30 22:00:00,Line-1,OP-A,60.0,71.94,1.13,-0.11,105.92,1.0,60.0,55,0,None,0.0,0,None,91.67,0.0,0.0
2026-04-30 23:00:00,Line-1,OP-A,60.0,71.27,1.24,-0.54,101.5,1.0,60.0,59,0,None,0.0,0,None,98.33,0.0,0.0
2026-05-01 00:00:00,Line-1,OP-B,60.0,73.47,1.26,-0.51,96.76,1.0,60.0,56,1,None,0.0,0,None,91.67,0.0,1.79
2026-05-01 01:00:00,Line-1,OP-A,60.0,76.83,1.15,-0.5,101.09,1.0,60.0,56,0,None,0.0,0,None,93.33,0.0,0.0
2026-05-01 02:00:00,Line-1,OP-B,60.0,77.18,1.16,0.08,97.9,1.0,60.0,54,0,None,0.0,0,None,90.0,0.0,0.0
2026-05-01 03:00:00,Line-1,OP-B,60.0,78.41,1.15,0.11,101.25,1.0,60.0,55,1,None,0.0,0,None,90.0,0.0,1.82
2026-05-01 04:00:00,Line-1,OP-C,60.0,74.94,1.21,0.21,108.14,1.0,60.0,59,0,None,0.0,0,None,98.33,0.0,0.0
2026-05-01 05:00:00,Line-1,OP-B,60.0,76.66,1.25,-0.56,103.78,1.0,60.0,54,0,Alignment,0.0,0,None,90.0,0.0,0.0
2026-05-01 06:00:00,Line-1,OP-C,60.0,77.02,1.21,-0.16,101.03,1.0,60.0,56,0,None,0.0,0,None,93.33,0.0,0.0
2026-05-01 07:00:00,Line-1,OP-A,60.0,74.01,1.27,-0.48,103.69,1.0,60.0,54,1,None,0.0,0,None,88.33,0.0,1.85
2026-05-01 08:00:00,Line-1,OP-A,60.0,75.78,1.0,0.47,104.05,1.0,60.0,56,1,None,0.0,0,None,91.67,0.0,1.79
2026-05-01 09:00:00,Line-1,OP-A,60.0,76.32,1.18,-0.44,94.61,1.0,60.0,54,1,None,0.0,0,None,88.33,0.0,1.85
2026-05-01 10:00:00,Line-1,OP-A,60.0,73.18,1.1,-0.11,100.21,1.0,60.0,58,1,None,0.0,0,None,95.0,0.0,1.72
2026-05-01 11:00:00,Line-1,OP-C,60.0,78.28,1.23,0.28,112.81,1.0,60.0,58,1,None,0.0,0,None,95.0,0.0,1.72
2026-05-01 12:00:00,Line-1,OP-A,60.0,74.92,1.23,-0.31,106.06,1.0,60.0,58,1,None,0.0,0,None,95.0,0.0,1.72
2026-05-01 13:00:00,Line-1,OP-B,60.0,75.17,1.19,0.35,97.48,1.0,60.0,55,0,None,0.0,0,None,91.67,0.0,0.0
2026-05-01 14:00:00,Line-1,OP-B,60.0,73.11,1.25,0.8,96.98,1.0,60.0,59,0,None,0.0,0,None,98.33,0.0,0.0
2026-05-01 15:00:00,Line-1,OP-B,60.0,73.44,1.3,0.09,96.82,1.0,60.0,57,1,None,0.0,0,None,93.33,0.0,1.75
2026-05-01 16:00:00,Line-1,OP-C,60.0,70.61,1.19,0.45,104.33,1.0,60.0,56,0,None,0.0,0,None,93.33,0.0,0.0
2026-05-01 17:00:00,Line-1,OP-A,60.0,75.11,1.09,-1.04,108.04,1.0,60.0,57,1,None,0.0,0,None,93.33,0.0,1.75
2026-05-01 18:00:00,Line-1,OP-A,60.0,80.01,1.04,-0.21,102.91,1.0,60.0,54,1,None,0.0,0,None,88.33,0.0,1.85
2026-05-01 19:00:00,Line-1,OP-A,60.0,72.96,1.2,0.09,100.79,1.0,60.0,54,1,Dent,0.0,0,None,88.33,0.0,1.85
2026-05-01 20:00:00,Line-1,OP-C,60.0,80.95,1.22,-0.53,97.78,1.0,60.0,58,1,None,0.0,0,None,95.0,0.0,1.72
2026-05-01 21:00:00,Line-1,OP-B,60.0,77.83,1.1,0.1,101.65,1.0,60.0,55,1,None,0.0,0,None,90.0,0.0,1.82
2026-05-01 22:00:00,Line-1,OP-B,60.0,74.05,1.27,0.53,95.9,1.0,60.0,57,1,None,0.0,0,None,93.33,0.0,1.75
2026-05-01 23:00:00,Line-1,OP-A,60.0,75.05,1.15,-0.94,90.32,1.0,60.0,56,1,None,0.0,0,None,91.67,0.0,1.79
2026-05-02 00:00:00,Line-1,OP-B,60.0,74.73,1.03,-0.59,108.18,1.0,60.0,59,1,None,0.0,0,None,96.67,0.0,1.69
2026-05-02 01:00:00,Line-1,OP-B,60.0,78.41,1.33,0.09,94.97,1.0,60.0,59,1,None,0.0,0,None,96.67,0.0,1.69
2026-05-02 02:00:00,Line-1,OP-C,60.0,76.03,1.31,0.23,98.38,1.0,60.0,59,0,None,0.0,0,None,98.33,0.0,0.0
2026-05-02 03:00:00,Line-1,OP-C,60.0,77.36,1.0,0.37,103.28,1.0,60.0,55,0,None,0.0,0,None,91.67,0.0,0.0
2026-05-02 04:00:00,Line-1,OP-C,60.0,75.72,1.14,0.06,107.17,1.0,60.0,55,0,None,0.0,0,None,91.67,0.0,0.0
2026-05-02 05:00:00,Line-1,OP-C,60.0,74.78,1.14,0.23,101.29,1.0,60.0,56,1,None,0.0,0,None,91.67,0.0,1.79
2026-05-02 06:00:00,Line-1,OP-A,60.0,75.65,1.36,0.45,94.03,1.0,60.0,54,1,None,0.0,0,None,88.33,0.0,1.85
2026-05-02 07:00:00,Line-1,OP-C,60.0,74.19,1.19,-0.21,98.49,1.0,60.0,54,0,None,0.0,0,None,90.0,0.0,0.0
2026-05-02 08:00:00,Line-1,OP-B,60.0,72.1,1.05,-0.3,96.61,1.0,60.0,57,1,Alignment,0.0,0,None,93.33,0.0,1.75
2026-05-02 09:00:00,Line-1,OP-A,60.0,76.63,1.29,-0.08,99.81,1.0,60.0,57,0,None,0.0,0,None,95.0,0.0,0.0
2026-05-02 10:00:00,Line-1,OP-B,60.0,72.0,1.08,0.1,106.16,1.0,60.0,59,1,None,0.0,0,None,96.67,0.0,1.69
2026-05-02 11:00:00,Line-1,OP-B,60.0,74.46,1.17,-0.33,87.31,1.0,60.0,55,1,None,0.0,0,None,90.0,0.0,1.82
2026-05-02 12:00:00,Line-1,OP-B,60.0,74.12,1.12,-0.2,97.94,1.0,60.0,55,0,None,0.0,0,None,91.67,0.0,0.0
2026-05-02 13:00:00,Line-1,OP-C,60.0,76.29,1.14,0.2,97.58,1.0,60.0,54,0,None,0.0,0,None,90.0,0.0,0.0
2026-05-02 14:00:00,Line-1,OP-C,60.0,78.13,1.29,0.08,93.72,1.0,60.0,59,1,None,0.0,0,None,96.67,0.0,1.69
2026-05-02 15:00:00,Line-1,OP-A,60.0,77.41,1.35,-0.09,102.93,1.0,60.0,58,1,None,0.0,0,None,95.0,0.0,1.72
2026-05-02 16:00:00,Line-1,OP-A,60.0,76.34,1.07,-0.87,92.93,1.0,60.0,58,1,None,0.0,0,None,95.0,0.0,1.72
2026-05-02 17:00:00,Line-1,OP-C,60.0,73.74,1.26,-0.0,93.5,1.0,60.0,59,1,Scratch,0.0,0,None,96.67,0.0,1.69
2026-05-02 18:00:00,Line-1,OP-B,60.0,74.63,1.13,-0.49,104.26,1.0,60.0,57,0,None,0.0,0,None,95.0,0.0,0.0
2026-05-02 19:00:00,Line-1,OP-A,60.0,74.34,1.13,0.49,107.5,1.0,60.0,56,1,None,0.0,0,None,91.67,0.0,1.79
2026-05-02 20:00:00,Line-1,OP-C,60.0,74.06,1.25,-0.15,99.62,1.0,60.0,55,1,Scratch,0.0,0,None,90.0,0.0,1.82
2026-05-02 21:00:00,Line-1,OP-C,60.0,74.2,1.1,-0.5,93.91,1.0,60.0,57,1,Scratch,0.0,0,None,93.33,0.0,1.75
2026-05-02 22:00:00,Line-1,OP-C,60.0,74.14,1.25,-0.03,96.47,1.0,60.0,56,0,None,0.0,0,None,93.33,0.0,0.0
2026-05-02 23:00:00,Line-1,OP-B,60.0,74.05,1.27,3.19,105.04,1.0,60.0,56,12,Alignment,0.0,0,None,73.33,0.0,21.43
2026-05-03 00:00:00,Line-1,OP-C,60.0,76.9,1.16,0.32,100.58,1.0,60.0,59,0,Dent,0.0,0,None,98.33,0.0,0.0
2026-05-03 01:00:00,Line-1,OP-C,60.0,72.89,1.33,0.11,99.49,1.0,60.0,59,0,None,0.0,0,None,98.33,0.0,0.0
2026-05-03 02:00:00,Line-1,OP-C,60.0,73.54,1.07,-0.66,101.57,1.0,60.0,58,0,None,0.0,0,None,96.67,0.0,0.0
2026-05-03 03:00:00,Line-1,OP-C,60.0,71.83,1.33,0.81,99.81,1.0,60.0,58,1,None,0.0,0,None,95.0,0.0,1.72
2026-05-03 04:00:00,Line-1,OP-A,60.0,77.83,1.01,-0.31,107.73,1.0,60.0,58,0,None,0.0,0,None,96.67,0.0,0.0
2026-05-03 05:00:00,Line-1,OP-A,60.0,73.41,1.47,0.47,96.25,1.0,60.0,54,0,None,0.0,0,None,90.0,0.0,0.0
2026-05-03 06:00:00,Line-1,OP-C,60.0,76.32,1.16,-0.16,95.68,1.0,60.0,54,1,None,0.0,0,None,88.33,0.0,1.85
2026-05-03 07:00:00,Line-1,OP-B,60.0,75.95,1.08,0.42,93.08,1.0,60.0,58,0,None,0.0,0,None,96.67,0.0,0.0
2026-05-03 08:00:00,Line-1,OP-A,60.0,77.64,1.18,0.65,97.3,1.0,60.0,58,0,None,0.0,0,None,96.67,0.0,0.0
2026-05-03 09:00:00,Line-1,OP-C,60.0,74.58,1.1,0.32,94.54,1.0,60.0,54,0,None,0.0,0,None,90.0,0.0,0.0
2026-05-03 10:00:00,Line-1,OP-A,60.0,73.1,1.24,0.38,101.09,1.0,60.0,59,0,Scratch,0.0,0,None,98.33,0.0,0.0
2026-05-03 11:00:00,Line-1,OP-A,60.0,71.89,1.34,-0.05,100.1,1.0,60.0,54,1,Alignment,0.0,0,None,88.33,0.0,1.85
2026-05-03 12:00:00,Line-1,OP-B,60.0,69.43,1.1,-0.22,94.6,1.0,60.0,55,0,None,0.0,0,None,91.67,0.0,0.0
2026-05-03 13:00:00,Line-1,OP-C,60.0,75.32,1.26,0.07,102.95,1.0,60.0,58,1,None,0.0,0,None,95.0,0.0,1.72
2026-05-03 14:00:00,Line-1,OP-C,60.0,76.55,1.05,-0.17,107.58,1.0,60.0,55,1,None,0.0,0,None,90.0,0.0,1.82
2026-05-03 15:00:00,Line-1,OP-B,60.0,75.94,1.3,1.23,101.79,1.0,60.0,54,1,None,0.0,0,None,88.33,0.0,1.85
2026-05-03 16:00:00,Line-1,OP-B,60.0,71.94,1.24,-0.5,87.28,1.0,60.0,55,1,None,0.0,0,None,90.0,0.0,1.82
2026-05-03 17:00:00,Line-1,OP-C,60.0,77.08,1.31,0.5,109.94,1.0,60.0,58,1,None,0.0,0,None,95.0,0.0,1.72
2026-05-03 18:00:00,Line-1,OP-C,60.0,73.6,1.19,0.26,103.73,1.0,60.0,56,1,Dent,0.0,0,None,91.67,0.0,1.79
2026-05-03 19:00:00,Line-1,OP-B,60.0,73.19,1.16,0.11,109.78,1.0,60.0,57,0,None,0.0,0,None,95.0,0.0,0.0
2026-05-03 20:00:00,Line-1,OP-A,60.0,73.56,1.28,0.74,105.45,1.0,60.0,57,1,None,0.0,0,None,93.33,0.0,1.75
2026-05-03 21:00:00,Line-1,OP-A,60.0,75.16,1.07,0.15,106.45,1.0,60.0,54,1,None,0.0,0,None,88.33,0.0,1.85
2026-05-03 22:00:00,Line-1,OP-B,60.0,72.03,1.03,-0.32,101.03,1.0,60.0,59,0,None,0.0,0,None,98.33,0.0,0.0
2026-05-03 23:00:00,Line-1,OP-A,60.0,74.93,1.2,0.15,98.69,1.0,60.0,54,0,None,0.0,0,None,90.0,0.0,0.0
2026-05-04 00:00:00,Line-1,OP-B,60.0,75.86,1.16,-0.09,101.87,1.0,60.0,59,1,None,0.0,0,None,96.67,0.0,1.69
2026-05-04 01:00:00,Line-1,OP-A,60.0,77.21,1.26,0.25,96.46,1.0,60.0,57,1,None,0.0,0,None,93.33,0.0,1.75
2026-05-04 02:00:00,Line-1,OP-A,60.0,75.35,1.31,0.41,102.17,1.0,60.0,59,0,Scratch,0.0,0,None,98.33,0.0,0.0
2026-05-04 03:00:00,Line-1,OP-C,60.0,72.32,1.25,-0.43,86.87,1.0,60.0,54,1,None,0.0,0,None,88.33,0.0,1.85
2026-05-04 04:00:00,Line-1,OP-C,60.0,75.3,1.3,0.6,100.21,1.0,60.0,56,0,Alignment,0.0,0,None,93.33,0.0,0.0
2026-05-04 05:00:00,Line-1,OP-A,60.0,72.88,1.23,-0.13,106.72,1.0,60.0,55,1,None,0.0,0,None,90.0,0.0,1.82
2026-05-04 06:00:00,Line-1,OP-A,60.0,72.76,1.25,0.22,100.47,1.0,60.0,54,0,None,0.0,0,None,90.0,0.0,0.0
2026-05-04 07:00:00,Line-1,OP-C,60.0,72.27,1.19,0.31,108.64,1.0,60.0,57,0,None,0.0,0,None,95.0,0.0,0.0
2026-05-04 08:00:00,Line-1,OP-C,60.0,92.62,4.08,0.18,98.68,1.0,17.66,14,5,Dent,42.34,1,Mechanical Failure,15.0,70.56,35.71
2026-05-04 09:00:00,Line-1,OP-C,60.0,73.87,1.22,-0.05,105.01,1.0,60.0,57,1,None,0.0,0,None,93.33,0.0,1.75
2026-05-04 10:00:00,Line-1,OP-B,60.0,77.26,1.23,-0.24,95.61,1.0,60.0,54,1,None,0.0,0,None,88.33,0.0,1.85
2026-05-04 11:00:00,Line-1,OP-A,60.0,79.51,1.18,-0.13,104.81,1.0,60.0,55,0,None,0.0,0,None,91.67,0.0,0.0
2026-05-04 12:00:00,Line-1,OP-C,60.0,73.85,1.28,0.78,101.16,1.0,60.0,58,0,None,0.0,0,None,96.67,0.0,0.0
2026-05-04 13:00:00,Line-1,OP-A,60.0,77.17,1.13,-0.43,98.9,1.0,60.0,56,1,None,0.0,0,None,91.67,0.0,1.79
2026-05-04 14:00:00,Line-1,OP-B,60.0,74.21,1.2,-0.36,87.13,1.0,60.0,57,0,None,0.0,0,None,95.0,0.0,0.0
2026-05-04 15:00:00,Line-1,OP-B,60.0,71.7,1.33,-0.38,98.73,1.0,60.0,57,0,None,0.0,0,None,95.0,0.0,0.0
2026-05-04 16:00:00,Line-1,OP-C,60.0,76.4,1.11,0.07,101.07,1.0,60.0,59,0,None,0.0,0,None,98.33,0.0,0.0
2026-05-04 17:00:00,Line-1,OP-B,60.0,75.47,0.98,-0.76,104.14,1.0,60.0,55,1,None,0.0,0,None,90.0,0.0,1.82
2026-05-04 18:00:00,Line-1,OP-A,60.0,78.64,1.24,-0.68,107.8,1.0,60.0,58,1,Dent,0.0,0,None,95.0,0.0,1.72
2026-05-04 19:00:00,Line-1,OP-C,60.0,71.93,1.17,-0.13,110.18,1.0,60.0,59,1,None,0.0,0,None,96.67,0.0,1.69
2026-05-04 20:00:00,Line-1,OP-A,60.0,80.59,1.3,-0.64,106.23,1.0,60.0,58,1,None,0.0,0,None,95.0,0.0,1.72
2026-05-04 21:00:00,Line-1,OP-A,60.0,78.18,1.19,-0.6,97.19,1.0,60.0,56,0,None,0.0,0,None,93.33,0.0,0.0
2026-05-04 22:00:00,Line-1,OP-B,60.0,74.96,1.14,-0.64,98.48,1.0,60.0,57,1,None,0.0,0,None,93.33,0.0,1.75
2026-05-04 23:00:00,Line-1,OP-B,60.0,74.4,1.19,-0.42,103.69,1.0,60.0,58,1,None,0.0,0,None,95.0,0.0,1.72
2026-05-05 00:00:00,Line-1,OP-B,60.0,73.57,1.31,0.37,102.6,1.0,60.0,57,0,Scratch,0.0,0,None,95.0,0.0,0.0
2026-05-05 01:00:00,Line-1,OP-B,60.0,75.22,1.26,0.48,108.14,1.0,60.0,54,1,Dent,0.0,0,None,88.33,0.0,1.85
2026-05-05 02:00:00,Line-1,OP-B,60.0,74.63,0.96,0.96,112.4,1.0,60.0,55,0,None,0.0,0,None,91.67,0.0,0.0
2026-05-05 03:00:00,Line-1,OP-C,60.0,76.03,1.22,0.94,111.34,1.0,60.0,58,1,None,0.0,0,None,95.0,0.0,1.72
2026-05-05 04:00:00,Line-1,OP-A,60.0,74.41,1.22,0.39,107.47,1.0,60.0,55,1,None,0.0,0,None,90.0,0.0,1.82
2026-05-05 05:00:00,Line-1,OP-A,60.0,77.83,1.2,0.51,102.64,1.0,60.0,58,1,None,0.0,0,None,95.0,0.0,1.72
2026-05-05 06:00:00,Line-1,OP-A,60.0,75.25,1.14,0.07,106.75,1.0,60.0,56,0,None,0.0,0,None,93.33,0.0,0.0
2026-05-05 07:00:00,Line-1,OP-A,60.0,74.49,1.32,0.26,108.31,1.0,60.0,57,0,None,0.0,0,None,95.0,0.0,0.0
2026-05-05 08:00:00,Line-1,OP-B,60.0,77.05,1.32,0.97,99.26,1.0,60.0,54,0,None,0.0,0,None,90.0,0.0,0.0
2026-05-05 09:00:00,Line-1,OP-A,60.0,71.75,0.98,0.19,97.34,1.0,60.0,55,0,Scratch,0.0,0,None,91.67,0.0,0.0
2026-05-05 10:00:00,Line-1,OP-C,60.0,75.68,1.12,0.58,96.16,1.0,60.0,59,0,None,0.0,0,None,98.33,0.0,0.0
2026-05-05 11:00:00,Line-1,OP-C,60.0,75.05,1.19,-0.47,95.62,1.0,60.0,59,1,None,0.0,0,None,96.67,0.0,1.69
2026-05-05 12:00:00,Line-1,OP-A,60.0,72.18,1.29,-0.33,93.09,1.0,60.0,57,1,Dent,0.0,0,None,93.33,0.0,1.75
2026-05-05 13:00:00,Line-1,OP-A,60.0,71.58,1.2,0.16,101.25,1.0,60.0,56,1,None,0.0,0,None,91.67,0.0,1.79
2026-05-05 14:00:00,Line-1,OP-C,60.0,77.02,1.13,0.07,95.0,1.0,60.0,58,1,Scratch,0.0,0,None,95.0,0.0,1.72
2026-05-05 15:00:00,Line-1,OP-C,60.0,76.93,1.27,-0.31,96.08,1.0,60.0,57,0,None,0.0,0,None,95.0,0.0,0.0
2026-05-05 16:00:00,Line-1,OP-B,60.0,75.35,1.18,1.2,103.51,1.0,60.0,57,1,None,0.0,0,None,93.33,0.0,1.75
2026-05-05 17:00:00,Line-1,OP-C,60.0,78.43,1.19,0.09,100.91,1.0,60.0,54,0,Dent,0.0,0,None,90.0,0.0,0.0
2026-05-05 18:00:00,Line-1,OP-B,60.0,75.88,1.2,-0.22,102.15,1.0,60.0,57,1,None,0.0,0,None,93.33,0.0,1.75
2026-05-05 19:00:00,Line-1,OP-B,60.0,77.5,1.26,0.08,106.83,1.0,60.0,58,1,None,0.0,0,None,95.0,0.0,1.72
2026-05-05 20:00:00,Line-1,OP-B,60.0,75.84,1.17,0.01,104.32,1.0,60.0,59,1,None,0.0,0,None,96.67,0.0,1.69
2026-05-05 21:00:00,Line-1,OP-B,60.0,74.45,1.27,0.09,107.59,1.0,60.0,54,0,None,0.0,0,None,90.0,0.0,0.0
2026-05-05 22:00:00,Line-1,OP-B,60.0,72.88,1.19,-0.8,100.4,1.0,60.0,58,1,None,0.0,0,None,95.0,0.0,1.72
2026-05-05 23:00:00,Line-1,OP-A,60.0,73.79,1.09,0.65,108.06,1.0,60.0,57,1,Scratch,0.0,0,None,93.33,0.0,1.75
2026-05-06 00:00:00,Line-1,OP-C,60.0,74.49,1.2,0.67,101.8,1.0,60.0,56,0,Dent,0.0,0,None,93.33,0.0,0.0
2026-05-06 01:00:00,Line-1,OP-B,60.0,77.73,1.1,0.74,100.84,1.0,60.0,54,1,Dent,0.0,0,None,88.33,0.0,1.85
2026-05-06 02:00:00,Line-1,OP-C,60.0,76.54,1.2,0.16,107.31,1.0,60.0,56,1,None,0.0,0,None,91.67,0.0,1.79
2026-05-06 03:00:00,Line-1,OP-C,60.0,75.66,1.28,0.33,95.64,1.0,60.0,56,1,None,0.0,0,None,91.67,0.0,1.79
2026-05-06 04:00:00,Line-1,OP-B,60.0,76.74,1.09,-0.43,110.12,1.0,60.0,55,0,None,0.0,0,None,91.67,0.0,0.0
2026-05-06 05:00:00,Line-1,OP-A,60.0,76.05,1.24,0.42,98.59,1.0,60.0,58,0,Scratch,0.0,0,None,96.67,0.0,0.0
2026-05-06 06:00:00,Line-1,OP-B,60.0,75.52,1.12,0.13,93.91,1.0,60.0,58,0,None,0.0,0,None,96.67,0.0,0.0
2026-05-06 07:00:00,Line-1,OP-A,60.0,72.0,1.22,-0.23,103.27,1.0,60.0,57,1,None,0.0,0,None,93.33,0.0,1.75
2026-05-06 08:00:00,Line-1,OP-C,60.0,77.28,1.29,0.43,98.11,1.0,60.0,59,0,None,0.0,0,None,98.33,0.0,0.0
2026-05-06 09:00:00,Line-1,OP-A,60.0,74.08,0.99,0.45,110.13,1.0,60.0,56,0,None,0.0,0,None,93.33,0.0,0.0
2026-05-06 10:00:00,Line-1,OP-A,60.0,77.18,1.09,0.03,97.84,1.0,60.0,55,1,None,0.0,0,None,90.0,0.0,1.82
2026-05-06 11:00:00,Line-1,OP-A,60.0,77.37,1.16,0.22,101.57,1.0,60.0,57,1,Alignment,0.0,0,None,93.33,0.0,1.75
2026-05-06 12:00:00,Line-1,OP-C,60.0,73.66,1.23,-0.52,92.87,1.0,60.0,55,0,Alignment,0.0,0,None,91.67,0.0,0.0
2026-05-06 13:00:00,Line-1,OP-C,60.0,76.9,1.18,0.62,104.06,1.0,60.0,55,0,None,0.0,0,None,91.67,0.0,0.0
2026-05-06 14:00:00,Line-1,OP-A,60.0,74.28,1.2,-0.45,96.11,1.0,60.0,55,0,None,0.0,0,None,91.67,0.0,0.0
2026-05-06 15:00:00,Line-1,OP-A,60.0,74.29,1.4,-0.35,103.47,1.0,60.0,54,0,Alignment,0.0,0,None,90.0,0.0,0.0
2026-05-06 16:00:00,Line-1,OP-B,60.0,75.51,1.08,0.03,97.86,1.0,60.0,58,1,None,0.0,0,None,95.0,0.0,1.72
2026-05-06 17:00:00,Line-1,OP-A,60.0,75.57,1.31,0.56,89.77,1.0,60.0,55,1,None,0.0,0,None,90.0,0.0,1.82
2026-05-06 18:00:00,Line-1,OP-B,60.0,75.08,1.17,0.56,100.66,1.0,60.0,56,1,None,0.0,0,None,91.67,0.0,1.79
2026-05-06 19:00:00,Line-1,OP-A,60.0,72.33,1.25,-0.0,100.43,1.0,60.0,54,1,None,0.0,0,None,88.33,0.0,1.85
2026-05-06 20:00:00,Line-1,OP-B,60.0,74.76,1.41,0.39,104.41,1.0,60.0,58,1,None,0.0,0,None,95.0,0.0,1.72
2026-05-06 21:00:00,Line-1,OP-C,60.0,79.56,1.27,-0.84,107.78,1.0,60.0,55,1,None,0.0,0,None,90.0,0.0,1.82
2026-05-06 22:00:00,Line-1,OP-A,60.0,69.43,1.24,-0.36,109.56,1.0,60.0,58,0,None,0.0,0,None,96.67,0.0,0.0
2026-05-06 23:00:00,Line-1,OP-A,60.0,76.74,1.36,-0.35,104.32,1.0,60.0,56,1,None,0.0,0,None,91.67,0.0,1.79
2026-05-07 00:00:00,Line-1,OP-A,60.0,77.11,1.31,0.63,101.39,1.0,60.0,55,1,Alignment,0.0,0,None,90.0,0.0,1.82
2026-05-07 01:00:00,Line-1,OP-A,60.0,72.28,1.12,0.33,92.86,1.0,60.0,57,0,Scratch,0.0,0,None,95.0,0.0,0.0
2026-05-07 02:00:00,Line-1,OP-B,60.0,74.06,1.23,0.09,101.01,1.0,60.0,54,0,Scratch,0.0,0,None,90.0,0.0,0.0
2026-05-07 03:00:00,Line-1,OP-A,60.0,73.0,1.03,0.14,101.07,1.0,60.0,56,0,None,0.0,0,None,93.33,0.0,0.0
2026-05-07 04:00:00,Line-1,OP-C,60.0,78.71,1.15,0.78,99.01,1.0,60.0,55,1,None,0.0,0,None,90.0,0.0,1.82
2026-05-07 05:00:00,Line-1,OP-C,60.0,77.21,1.23,-0.09,103.16,1.0,60.0,59,0,None,0.0,0,None,98.33,0.0,0.0
2026-05-07 06:00:00,Line-1,OP-A,60.0,77.3,1.14,-0.66,105.61,1.0,60.0,54,0,Dent,0.0,0,None,90.0,0.0,0.0
2026-05-07 07:00:00,Line-1,OP-C,60.0,75.24,1.23,0.54,95.91,1.0,60.0,58,1,None,0.0,0,None,95.0,0.0,1.72
2026-05-07 08:00:00,Line-1,OP-A,60.0,77.62,1.2,0.09,95.83,1.0,60.0,55,1,None,0.0,0,None,90.0,0.0,1.82
2026-05-07 09:00:00,Line-1,OP-A,60.0,74.98,1.25,0.48,99.3,1.0,60.0,55,0,None,0.0,0,None,91.67,0.0,0.0
2026-05-07 10:00:00,Line-1,OP-C,60.0,77.72,1.16,-0.02,96.92,1.0,60.0,56,1,None,0.0,0,None,91.67,0.0,1.79
2026-05-07 11:00:00,Line-1,OP-A,60.0,74.7,1.11,-0.42,91.79,1.0,60.0,59,1,None,0.0,0,None,96.67,0.0,1.69
2026-05-07 12:00:00,Line-1,OP-C,60.0,73.64,1.35,0.2,95.02,1.0,60.0,55,1,Alignment,0.0,0,None,90.0,0.0,1.82
2026-05-07 13:00:00,Line-1,OP-B,60.0,78.62,1.15,0.01,93.84,1.0,60.0,54,1,Scratch,0.0,0,None,88.33,0.0,1.85
2026-05-07 14:00:00,Line-1,OP-A,60.0,74.96,1.27,0.09,106.04,1.0,60.0,55,0,None,0.0,0,None,91.67,0.0,0.0
2026-05-07 15:00:00,Line-1,OP-B,60.0,73.2,1.34,0.81,108.51,1.0,60.0,54,0,Alignment,0.0,0,None,90.0,0.0,0.0
2026-05-07 16:00:00,Line-1,OP-C,60.0,73.18,1.22,-0.55,94.52,1.0,60.0,54,1,None,0.0,0,None,88.33,0.0,1.85
2026-05-07 17:00:00,Line-1,OP-B,60.0,73.19,1.11,0.14,102.73,1.0,60.0,57,0,None,0.0,0,None,95.0,0.0,0.0
2026-05-07 18:00:00,Line-1,OP-B,60.0,76.69,1.18,-0.41,104.37,1.0,60.0,54,0,None,0.0,0,None,90.0,0.0,0.0
2026-05-07 19:00:00,Line-1,OP-C,60.0,74.8,1.3,-1.3,92.54,1.0,60.0,54,1,None,0.0,0,None,88.33,0.0,1.85
2026-05-07 20:00:00,Line-1,OP-B,60.0,79.6,1.22,-0.02,100.8,1.0,60.0,58,0,None,0.0,0,None,96.67,0.0,0.0
2026-05-07 21:00:00,Line-1,OP-B,60.0,77.37,1.08,0.02,112.67,1.0,60.0,56,1,Scratch,0.0,0,None,91.67,0.0,1.79
2026-05-07 22:00:00,Line-1,OP-C,60.0,75.51,1.26,0.31,103.39,1.0,60.0,54,0,None,0.0,0,None,90.0,0.0,0.0
2026-05-07 23:00:00,Line-1,OP-B,60.0,77.81,1.28,-0.11,98.77,1.0,60.0,55,1,None,0.0,0,None,90.0,0.0,1.82
2026-05-08 00:00:00,Line-1,OP-C,60.0,74.01,1.16,-0.74,97.2,1.0,60.0,57,1,None,0.0,0,None,93.33,0.0,1.75
2026-05-08 01:00:00,Line-1,OP-B,60.0,71.29,1.26,-0.41,89.89,1.0,60.0,55,1,Scratch,0.0,0,None,90.0,0.0,1.82
2026-05-08 02:00:00,Line-1,OP-C,60.0,73.02,1.22,0.66,102.35,1.0,60.0,56,0,None,0.0,0,None,93.33,0.0,0.0
2026-05-08 03:00:00,Line-1,OP-C,60.0,75.29,1.18,-0.42,109.74,1.0,60.0,54,1,None,0.0,0,None,88.33,0.0,1.85
2026-05-08 04:00:00,Line-1,OP-B,60.0,74.55,1.07,0.79,95.93,1.0,60.0,57,1,None,0.0,0,None,93.33,0.0,1.75
2026-05-08 05:00:00,Line-1,OP-B,60.0,76.65,1.31,0.52,90.32,1.0,60.0,55,1,None,0.0,0,None,90.0,0.0,1.82
2026-05-08 06:00:00,Line-1,OP-B,60.0,74.75,1.28,-0.16,96.68,1.0,60.0,57,0,None,0.0,0,None,95.0,0.0,0.0
2026-05-08 07:00:00,Line-1,OP-A,60.0,76.5,1.26,-0.36,104.41,1.0,60.0,58,1,None,0.0,0,None,95.0,0.0,1.72
2026-05-08 08:00:00,Line-1,OP-A,60.0,78.0,1.35,0.52,97.86,1.0,60.0,57,1,None,0.0,0,None,93.33,0.0,1.75
2026-05-08 09:00:00,Line-1,OP-A,60.0,74.74,1.29,-0.12,95.9,1.0,60.0,55,1,None,0.0,0,None,90.0,0.0,1.82
2026-05-08 10:00:00,Line-1,OP-C,60.0,76.11,1.27,-0.77,100.1,1.0,60.0,55,1,Scratch,0.0,0,None,90.0,0.0,1.82
2026-05-08 11:00:00,Line-1,OP-B,60.0,71.49,0.98,0.28,101.15,1.0,60.0,55,0,None,0.0,0,None,91.67,0.0,0.0
2026-05-08 12:00:00,Line-1,OP-C,60.0,74.75,1.32,0.21,93.06,1.0,60.0,54,1,None,0.0,0,None,88.33,0.0,1.85
2026-05-08 13:00:00,Line-1,OP-A,60.0,72.54,1.21,0.57,98.91,1.0,60.0,55,1,Alignment,0.0,0,None,90.0,0.0,1.82
2026-05-08 14:00:00,Line-1,OP-B,60.0,75.29,1.23,0.17,97.51,1.0,60.0,58,1,None,0.0,0,None,95.0,0.0,1.72
2026-05-08 15:00:00,Line-1,OP-C,60.0,75.47,1.23,-0.27,96.8,1.0,60.0,56,1,Dent,0.0,0,None,91.67,0.0,1.79
2026-05-08 16:00:00,Line-1,OP-B,60.0,75.47,1.28,0.63,94.91,1.0,60.0,56,1,None,0.0,0,None,91.67,0.0,1.79
2026-05-08 17:00:00,Line-1,OP-C,60.0,74.04,1.31,0.68,104.71,1.0,60.0,57,1,None,0.0,0,None,93.33,0.0,1.75
2026-05-08 18:00:00,Line-1,OP-B,60.0,79.6,1.26,0.12,96.78,1.0,60.0,57,0,None,0.0,0,None,95.0,0.0,0.0
2026-05-08 19:00:00,Line-1,OP-A,60.0,72.46,1.25,0.03,90.03,1.0,60.0,54,0,Alignment,0.0,0,None,90.0,0.0,0.0
2026-05-08 20:00:00,Line-1,OP-A,60.0,72.34,1.22,-0.66,101.32,1.0,60.0,58,1,None,0.0,0,None,95.0,0.0,1.72
2026-05-08 21:00:00,Line-1,OP-B,60.0,78.31,0.86,-0.3,103.63,1.0,60.0,55,1,None,0.0,0,None,90.0,0.0,1.82
2026-05-08 22:00:00,Line-1,OP-C,60.0,73.59,1.17,0.38,96.02,1.0,60.0,58,0,Alignment,0.0,0,None,96.67,0.0,0.0
2026-05-08 23:00:00,Line-1,OP-A,60.0,73.11,1.11,-0.28,97.2,1.0,60.0,58,0,None,0.0,0,None,96.67,0.0,0.0
2026-05-09 00:00:00,Line-1,OP-A,60.0,79.61,1.32,-0.73,96.75,1.0,60.0,58,0,None,0.0,0,None,96.67,0.0,0.0
2026-05-09 01:00:00,Line-1,OP-A,60.0,76.97,1.26,1.75,98.27,1.0,60.0,57,1,None,0.0,0,None,93.33,0.0,1.75
2026-05-09 02:00:00,Line-1,OP-B,60.0,73.81,1.15,-0.73,105.53,1.0,60.0,54,0,None,0.0,0,None,90.0,0.0,0.0
2026-05-09 03:00:00,Line-1,OP-B,60.0,101.2,4.21,1.13,99.43,1.0,14.86,11,4,Dent,45.14,1,Mechanical Failure,11.67,75.23,36.36
2026-05-09 04:00:00,Line-1,OP-C,60.0,78.89,1.16,-0.15,104.2,1.0,60.0,57,1,None,0.0,0,None,93.33,0.0,1.75
2026-05-09 05:00:00,Line-1,OP-C,60.0,76.38,1.16,-0.04,95.16,1.0,60.0,56,1,None,0.0,0,None,91.67,0.0,1.79
2026-05-09 06:00:00,Line-1,OP-C,60.0,77.57,1.06,3.08,98.08,1.0,60.0,59,10,Alignment,0.0,0,None,81.67,0.0,16.95
2026-05-09 07:00:00,Line-1,OP-B,60.0,76.61,1.03,0.39,104.77,1.0,60.0,55,1,Alignment,0.0,0,None,90.0,0.0,1.82
2026-05-09 08:00:00,Line-1,OP-B,60.0,76.86,1.2,-0.72,95.97,1.0,60.0,55,0,Dent,0.0,0,None,91.67,0.0,0.0
2026-05-09 09:00:00,Line-1,OP-C,60.0,75.08,1.31,-0.92,105.06,1.0,60.0,55,1,None,0.0,0,None,90.0,0.0,1.82
2026-05-09 10:00:00,Line-1,OP-C,60.0,75.02,1.15,0.81,96.86,1.0,60.0,55,1,Scratch,0.0,0,None,90.0,0.0,1.82
2026-05-09 11:00:00,Line-1,OP-B,60.0,75.53,1.23,-0.4,98.39,1.0,60.0,57,1,None,0.0,0,None,93.33,0.0,1.75
2026-05-09 12:00:00,Line-1,OP-C,60.0,76.47,1.27,0.37,108.35,1.0,60.0,58,0,None,0.0,0,None,96.67,0.0,0.0
2026-05-09 13:00:00,Line-1,OP-A,60.0,74.43,1.1,-0.54,97.82,1.0,60.0,57,0,None,0.0,0,None,95.0,0.0,0.0
2026-05-09 14:00:00,Line-1,OP-B,60.0,75.24,1.2,0.35,100.73,1.0,60.0,58,0,None,0.0,0,None,96.67,0.0,0.0
2026-05-09 15:00:00,Line-1,OP-C,60.0,74.38,1.13,0.84,103.08,1.0,60.0,59,1,None,0.0,0,None,96.67,0.0,1.69
2026-05-09 16:00:00,Line-1,OP-B,60.0,75.23,1.36,-0.26,101.13,1.0,60.0,58,1,Scratch,0.0,0,None,95.0,0.0,1.72
2026-05-09 17:00:00,Line-1,OP-A,60.0,72.5,1.36,-0.97,101.28,1.0,60.0,54,0,None,0.0,0,None,90.0,0.0,0.0
2026-05-09 18:00:00,Line-1,OP-B,60.0,80.21,1.1,0.84,99.72,1.0,60.0,58,1,Scratch,0.0,0,None,95.0,0.0,1.72
2026-05-09 19:00:00,Line-1,OP-B,60.0,73.53,1.24,0.46,93.49,1.0,60.0,55,0,None,0.0,0,None,91.67,0.0,0.0
2026-05-09 20:00:00,Line-1,OP-B,60.0,74.28,1.31,-0.24,101.74,1.0,60.0,54,0,None,0.0,0,None,90.0,0.0,0.0
2026-05-09 21:00:00,Line-1,OP-B,60.0,73.36,1.28,-0.11,96.34,1.0,60.0,57,1,None,0.0,0,None,93.33,0.0,1.75
2026-05-09 22:00:00,Line-1,OP-A,60.0,76.23,1.21,-0.56,103.88,1.0,60.0,55,0,None,0.0,0,None,91.67,0.0,0.0
2026-05-09 23:00:00,Line-1,OP-B,60.0,74.61,1.33,0.71,106.86,1.0,60.0,54,0,None,0.0,0,None,90.0,0.0,0.0
2026-05-10 00:00:00,Line-1,OP-B,60.0,73.07,1.11,-0.27,90.97,1.0,60.0,54,1,None,0.0,0,None,88.33,0.0,1.85
2026-05-10 01:00:00,Line-1,OP-C,60.0,76.31,1.17,-0.71,106.87,1.0,60.0,54,1,None,0.0,0,None,88.33,0.0,1.85
2026-05-10 02:00:00,Line-1,OP-B,60.0,76.58,1.11,0.11,97.94,1.0,60.0,59,0,None,0.0,0,None,98.33,0.0,0.0
2026-05-10 03:00:00,Line-1,OP-C,60.0,74.87,1.28,-0.43,99.35,1.0,60.0,54,1,None,0.0,0,None,88.33,0.0,1.85
2026-05-10 04:00:00,Line-1,OP-A,60.0,73.67,1.14,-0.52,95.44,1.0,60.0,55,1,None,0.0,0,None,90.0,0.0,1.82
2026-05-10 05:00:00,Line-1,OP-A,60.0,79.38,1.18,-0.22,100.94,1.0,60.0,56,1,Dent,0.0,0,None,91.67,0.0,1.79
2026-05-10 06:00:00,Line-1,OP-A,60.0,75.68,1.26,0.04,100.33,1.0,60.0,56,0,None,0.0,0,None,93.33,0.0,0.0
2026-05-10 07:00:00,Line-1,OP-A,60.0,72.45,1.27,-0.69,105.38,1.0,60.0,59,0,None,0.0,0,None,98.33,0.0,0.0
2026-05-10 08:00:00,Line-1,OP-C,60.0,77.83,1.11,0.69,96.29,1.0,60.0,54,0,Scratch,0.0,0,None,90.0,0.0,0.0
2026-05-10 09:00:00,Line-1,OP-B,60.0,73.29,1.31,0.34,108.3,1.0,60.0,57,0,None,0.0,0,None,95.0,0.0,0.0
2026-05-10 10:00:00,Line-1,OP-A,60.0,80.48,1.25,-0.18,103.32,1.0,60.0,58,1,None,0.0,0,None,95.0,0.0,1.72
2026-05-10 11:00:00,Line-1,OP-B,60.0,75.16,1.09,-0.45,100.45,1.0,60.0,59,1,Scratch,0.0,0,None,96.67,0.0,1.69
2026-05-10 12:00:00,Line-1,OP-C,60.0,77.03,1.07,-0.04,99.1,1.0,60.0,57,1,None,0.0,0,None,93.33,0.0,1.75
2026-05-10 13:00:00,Line-1,OP-C,60.0,70.84,1.2,0.45,98.47,1.0,60.0,58,0,None,0.0,0,None,96.67,0.0,0.0
2026-05-10 14:00:00,Line-1,OP-C,60.0,72.43,1.29,0.37,98.79,1.0,60.0,54,1,None,0.0,0,None,88.33,0.0,1.85
2026-05-10 15:00:00,Line-1,OP-A,60.0,77.67,1.29,0.53,100.84,1.0,60.0,56,0,Alignment,0.0,0,None,93.33,0.0,0.0
2026-05-10 16:00:00,Line-1,OP-B,60.0,75.64,1.24,-0.24,98.96,1.0,60.0,56,1,Dent,0.0,0,None,91.67,0.0,1.79
2026-05-10 17:00:00,Line-1,OP-B,60.0,79.08,1.2,-1.46,96.8,1.0,60.0,59,1,None,0.0,0,None,96.67,0.0,1.69
2026-05-10 18:00:00,Line-1,OP-B,60.0,75.97,1.25,0.62,100.87,1.0,60.0,54,1,None,0.0,0,None,88.33,0.0,1.85
2026-05-10 19:00:00,Line-1,OP-C,60.0,75.29,1.11,-0.08,95.82,1.0,60.0,54,1,None,0.0,0,None,88.33,0.0,1.85
2026-05-10 20:00:00,Line-1,OP-A,60.0,78.43,1.37,0.33,101.61,1.0,60.0,55,0,None,0.0,0,None,91.67,0.0,0.0
2026-05-10 21:00:00,Line-1,OP-C,60.0,77.02,1.37,0.83,98.88,1.0,60.0,54,1,None,0.0,0,None,88.33,0.0,1.85
2026-05-10 22:00:00,Line-1,OP-C,60.0,74.61,1.24,1.22,103.48,1.0,60.0,55,1,None,0.0,0,None,90.0,0.0,1.82
2026-05-10 23:00:00,Line-1,OP-B,60.0,72.81,1.22,-0.32,104.95,1.0,60.0,59,1,Alignment,0.0,0,None,96.67,0.0,1.69
2026-05-11 00:00:00,Line-1,OP-C,60.0,70.26,1.16,0.07,104.94,1.0,60.0,56,1,Dent,0.0,0,None,91.67,0.0,1.79
2026-05-11 01:00:00,Line-1,OP-B,60.0,74.12,1.25,0.68,101.59,1.0,60.0,57,1,None,0.0,0,None,93.33,0.0,1.75
2026-05-11 02:00:00,Line-1,OP-A,60.0,72.63,1.13,-0.42,102.17,1.0,60.0,58,0,None,0.0,0,None,96.67,0.0,0.0
2026-05-11 03:00:00,Line-1,OP-B,60.0,80.2,0.98,-0.29,98.39,1.0,60.0,56,1,None,0.0,0,None,91.67,0.0,1.79
2026-05-11 04:00:00,Line-1,OP-A,60.0,73.7,0.93,-0.29,103.39,1.0,60.0,54,0,None,0.0,0,None,90.0,0.0,0.0
2026-05-11 05:00:00,Line-1,OP-B,60.0,73.64,1.12,-0.01,103.95,1.0,60.0,55,1,None,0.0,0,None,90.0,0.0,1.82
2026-05-11 06:00:00,Line-1,OP-C,60.0,71.96,1.22,-0.11,92.16,1.0,60.0,55,1,Scratch,0.0,0,None,90.0,0.0,1.82
2026-05-11 07:00:00,Line-1,OP-C,60.0,74.47,1.23,-0.3,101.89,1.0,60.0,57,0,None,0.0,0,None,95.0,0.0,0.0
2026-05-11 08:00:00,Line-1,OP-A,60.0,73.67,1.15,-0.48,106.84,1.0,60.0,56,1,None,0.0,0,None,91.67,0.0,1.79
2026-05-11 09:00:00,Line-1,OP-A,60.0,93.53,4.01,0.41,98.22,1.0,18.13,14,5,Dent,41.87,1,Mechanical Failure,15.0,69.79,35.71
2026-05-11 10:00:00,Line-1,OP-A,60.0,75.34,1.17,0.67,97.13,1.0,60.0,57,1,None,0.0,0,None,93.33,0.0,1.75
2026-05-11 11:00:00,Line-1,OP-B,60.0,74.98,1.1,0.74,97.9,1.0,60.0,59,1,None,0.0,0,None,96.67,0.0,1.69
2026-05-11 12:00:00,Line-1,OP-B,60.0,74.73,1.19,-0.24,92.48,1.0,60.0,58,1,None,0.0,0,None,95.0,0.0,1.72
2026-05-11 13:00:00,Line-1,OP-A,60.0,76.57,1.28,0.43,100.63,1.0,60.0,58,1,None,0.0,0,None,95.0,0.0,1.72
2026-05-11 14:00:00,Line-1,OP-C,60.0,74.1,1.1,0.12,100.15,1.0,60.0,58,1,Scratch,0.0,0,None,95.0,0.0,1.72
2026-05-11 15:00:00,Line-1,OP-B,60.0,76.33,1.1,-0.29,100.99,1.0,60.0,55,0,None,0.0,0,None,91.67,0.0,0.0
2026-05-11 16:00:00,Line-1,OP-B,60.0,78.23,1.09,0.37,102.08,1.0,60.0,58,1,None,0.0,0,None,95.0,0.0,1.72
2026-05-11 17:00:00,Line-1,OP-B,60.0,75.92,1.01,-0.31,96.01,1.0,60.0,54,1,None,0.0,0,None,88.33,0.0,1.85
2026-05-11 18:00:00,Line-1,OP-A,60.0,74.5,1.15,-0.19,101.37,1.0,60.0,57,0,None,0.0,0,None,95.0,0.0,0.0
2026-05-11 19:00:00,Line-1,OP-A,60.0,73.09,1.27,-0.69,102.22,1.0,60.0,57,0,None,0.0,0,None,95.0,0.0,0.0
2026-05-11 20:00:00,Line-1,OP-A,60.0,74.45,1.22,-0.23,97.56,1.0,60.0,54,0,None,0.0,0,None,90.0,0.0,0.0
2026-05-11 21:00:00,Line-1,OP-A,60.0,76.13,1.18,0.13,102.1,1.0,60.0,58,0,None,0.0,0,None,96.67,0.0,0.0
2026-05-11 22:00:00,Line-1,OP-A,60.0,71.93,1.21,0.78,100.4,1.0,60.0,59,1,None,0.0,0,None,96.67,0.0,1.69
2026-05-11 23:00:00,Line-1,OP-C,60.0,76.66,1.15,-0.18,96.84,1.0,60.0,55,1,None,0.0,0,None,90.0,0.0,1.82
2026-05-12 00:00:00,Line-1,OP-C,60.0,75.42,1.01,-0.52,101.41,1.0,60.0,58,1,None,0.0,0,None,95.0,0.0,1.72
2026-05-12 01:00:00,Line-1,OP-A,60.0,74.7,1.28,0.75,98.55,1.0,60.0,54,0,Scratch,0.0,0,None,90.0,0.0,0.0
2026-05-12 02:00:00,Line-1,OP-B,60.0,73.68,1.31,-0.25,103.49,1.0,60.0,57,0,None,0.0,0,None,95.0,0.0,0.0
2026-05-12 03:00:00,Line-1,OP-A,60.0,74.05,1.13,-0.87,98.8,1.0,60.0,56,0,None,0.0,0,None,93.33,0.0,0.0
2026-05-12 04:00:00,Line-1,OP-C,60.0,76.19,1.18,0.07,93.55,1.0,60.0,57,1,None,0.0,0,None,93.33,0.0,1.75
2026-05-12 05:00:00,Line-1,OP-C,60.0,74.74,1.18,-0.16,101.33,1.0,60.0,59,1,None,0.0,0,None,96.67,0.0,1.69
2026-05-12 06:00:00,Line-1,OP-B,60.0,74.0,1.24,1.15,101.15,1.0,60.0,59,1,Dent,0.0,0,None,96.67,0.0,1.69
2026-05-12 07:00:00,Line-1,OP-C,60.0,75.94,1.37,0.24,94.59,1.0,60.0,58,1,None,0.0,0,None,95.0,0.0,1.72
2026-05-12 08:00:00,Line-1,OP-A,60.0,76.02,1.32,-0.07,103.75,1.0,60.0,55,1,Dent,0.0,0,None,90.0,0.0,1.82
2026-05-12 09:00:00,Line-1,OP-B,60.0,72.5,1.16,-0.46,103.49,1.0,60.0,59,1,Dent,0.0,0,None,96.67,0.0,1.69
2026-05-12 10:00:00,Line-1,OP-A,60.0,76.14,1.25,0.17,95.65,1.0,60.0,54,1,None,0.0,0,None,88.33,0.0,1.85
2026-05-12 11:00:00,Line-1,OP-A,60.0,80.0,1.33,0.73,96.7,1.0,60.0,59,1,None,0.0,0,None,96.67,0.0,1.69
2026-05-12 12:00:00,Line-1,OP-B,60.0,75.94,1.24,0.16,99.29,1.0,60.0,55,0,None,0.0,0,None,91.67,0.0,0.0
2026-05-12 13:00:00,Line-1,OP-A,60.0,71.6,1.2,-0.42,96.21,1.0,60.0,54,1,Alignment,0.0,0,None,88.33,0.0,1.85
2026-05-12 14:00:00,Line-1,OP-C,60.0,75.35,1.24,0.27,103.2,1.0,60.0,58,1,None,0.0,0,None,95.0,0.0,1.72
2026-05-12 15:00:00,Line-1,OP-A,60.0,71.34,1.13,-0.02,100.74,1.0,60.0,55,1,None,0.0,0,None,90.0,0.0,1.82
2026-05-12 16:00:00,Line-1,OP-B,60.0,81.33,1.14,0.22,94.53,1.0,60.0,55,0,None,0.0,0,None,91.67,0.0,0.0
2026-05-12 17:00:00,Line-1,OP-B,60.0,79.47,1.09,-0.18,95.89,1.0,60.0,55,1,None,0.0,0,None,90.0,0.0,1.82
2026-05-12 18:00:00,Line-1,OP-B,60.0,73.67,1.23,-0.19,105.94,1.0,60.0,54,1,None,0.0,0,None,88.33,0.0,1.85
2026-05-12 19:00:00,Line-1,OP-A,60.0,70.51,1.19,-0.21,107.68,1.0,60.0,55,0,None,0.0,0,None,91.67,0.0,0.0
2026-05-12 20:00:00,Line-1,OP-B,60.0,73.24,1.12,0.47,102.69,1.0,60.0,54,1,None,0.0,0,None,88.33,0.0,1.85
2026-05-12 21:00:00,Line-1,OP-B,60.0,74.64,1.18,-0.18,98.94,1.0,60.0,56,0,Scratch,0.0,0,None,93.33,0.0,0.0
2026-05-12 22:00:00,Line-1,OP-A,60.0,71.48,1.25,-0.23,97.8,1.0,60.0,54,0,None,0.0,0,None,90.0,0.0,0.0
2026-05-12 23:00:00,Line-1,OP-C,60.0,74.86,1.39,-0.47,102.75,1.0,60.0,58,0,None,0.0,0,None,96.67,0.0,0.0
2026-05-13 00:00:00,Line-1,OP-A,60.0,74.62,1.3,0.23,100.38,1.0,60.0,55,0,None,0.0,0,None,91.67,0.0,0.0
2026-05-13 01:00:00,Line-1,OP-B,60.0,75.25,0.97,0.16,91.95,1.0,60.0,59,1,None,0.0,0,None,96.67,0.0,1.69
2026-05-13 02:00:00,Line-1,OP-B,60.0,75.46,1.22,-0.22,105.16,1.0,60.0,59,0,None,0.0,0,None,98.33,0.0,0.0
2026-05-13 03:00:00,Line-1,OP-A,60.0,73.07,1.34,-0.35,106.73,1.0,60.0,55,0,None,0.0,0,None,91.67,0.0,0.0
2026-05-13 04:00:00,Line-1,OP-C,60.0,73.29,1.07,0.94,103.69,1.0,60.0,58,0,None,0.0,0,None,96.67,0.0,0.0
2026-05-13 05:00:00,Line-1,OP-B,60.0,75.09,1.26,-0.94,94.54,1.0,60.0,58,0,None,0.0,0,None,96.67,0.0,0.0
2026-05-13 06:00:00,Line-1,OP-B,60.0,73.74,1.18,0.25,96.82,1.0,60.0,59,0,None,0.0,0,None,98.33,0.0,0.0
2026-05-13 07:00:00,Line-1,OP-B,60.0,76.81,1.32,0.65,90.71,1.0,60.0,57,1,None,0.0,0,None,93.33,0.0,1.75
2026-05-13 08:00:00,Line-1,OP-A,60.0,75.07,1.24,-1.69,107.98,1.0,60.0,54,0,None,0.0,0,None,90.0,0.0,0.0
2026-05-13 09:00:00,Line-1,OP-B,60.0,78.73,1.11,0.4,98.22,1.0,60.0,57,1,None,0.0,0,None,93.33,0.0,1.75
2026-05-13 10:00:00,Line-1,OP-C,60.0,76.64,1.18,3.81,111.67,1.0,60.0,57,11,Alignment,0.0,0,None,76.67,0.0,19.3
2026-05-13 11:00:00,Line-1,OP-B,60.0,77.21,1.19,0.13,109.78,1.0,60.0,57,0,None,0.0,0,None,95.0,0.0,0.0
2026-05-13 12:00:00,Line-1,OP-B,60.0,75.27,1.19,-0.16,95.48,1.0,60.0,55,1,None,0.0,0,None,90.0,0.0,1.82
2026-05-13 13:00:00,Line-1,OP-C,60.0,75.31,1.31,0.54,96.46,1.0,60.0,59,0,None,0.0,0,None,98.33,0.0,0.0
2026-05-13 14:00:00,Line-1,OP-B,60.0,78.46,1.12,0.18,102.33,1.0,60.0,59,0,Dent,0.0,0,None,98.33,0.0,0.0
2026-05-13 15:00:00,Line-1,OP-A,60.0,74.24,1.3,0.07,91.23,1.0,60.0,55,0,Dent,0.0,0,None,91.67,0.0,0.0
2026-05-13 16:00:00,Line-1,OP-A,60.0,76.09,1.17,-0.45,97.81,1.0,60.0,54,0,None,0.0,0,None,90.0,0.0,0.0
2026-05-13 17:00:00,Line-1,OP-A,60.0,74.47,1.22,0.94,97.31,1.0,60.0,55,1,None,0.0,0,None,90.0,0.0,1.82
2026-05-13 18:00:00,Line-1,OP-C,60.0,74.46,1.21,0.0,109.26,1.0,60.0,58,1,Scratch,0.0,0,None,95.0,0.0,1.72
2026-05-13 19:00:00,Line-1,OP-B,60.0,72.66,1.2,1.14,100.81,1.0,60.0,58,0,None,0.0,0,None,96.67,0.0,0.0
2026-05-13 20:00:00,Line-1,OP-A,60.0,73.51,1.2,0.96,98.58,1.0,60.0,57,1,None,0.0,0,None,93.33,0.0,1.75
2026-05-13 21:00:00,Line-1,OP-C,60.0,73.14,1.35,-0.89,96.84,1.0,60.0,56,0,Scratch,0.0,0,None,93.33,0.0,0.0
2026-05-13 22:00:00,Line-1,OP-B,60.0,76.19,1.28,-0.33,104.47,1.0,60.0,57,1,None,0.0,0,None,93.33,0.0,1.75
2026-05-13 23:00:00,Line-1,OP-C,60.0,77.08,1.16,-0.52,97.52,1.0,60.0,55,0,None,0.0,0,None,91.67,0.0,0.0
2026-05-14 00:00:00,Line-1,OP-A,60.0,74.81,1.36,-0.02,99.75,1.0,60.0,56,0,None,0.0,0,None,93.33,0.0,0.0
2026-05-14 01:00:00,Line-1,OP-A,60.0,75.46,1.23,0.09,96.8,1.0,60.0,58,0,None,0.0,0,None,96.67,0.0,0.0
2026-05-14 02:00:00,Line-1,OP-A,60.0,74.7,1.24,0.11,92.41,1.0,60.0,59,0,None,0.0,0,None,98.33,0.0,0.0
2026-05-14 03:00:00,Line-1,OP-C,60.0,73.38,1.12,0.53,95.02,1.0,60.0,59,1,None,0.0,0,None,96.67,0.0,1.69
2026-05-14 04:00:00,Line-1,OP-C,60.0,76.72,1.15,0.75,97.49,1.0,60.0,59,1,None,0.0,0,None,96.67,0.0,1.69
2026-05-14 05:00:00,Line-1,OP-A,60.0,76.31,1.13,0.48,98.68,1.0,60.0,56,0,None,0.0,0,None,93.33,0.0,0.0
2026-05-14 06:00:00,Line-1,OP-C,60.0,71.21,1.21,-0.28,98.9,1.0,60.0,56,1,None,0.0,0,None,91.67,0.0,1.79
2026-05-14 07:00:00,Line-1,OP-A,60.0,74.43,1.26,-0.39,99.56,1.0,60.0,58,1,None,0.0,0,None,95.0,0.0,1.72
2026-05-14 08:00:00,Line-1,OP-A,60.0,73.24,1.24,0.0,97.56,1.0,60.0,59,1,None,0.0,0,None,96.67,0.0,1.69
2026-05-14 09:00:00,Line-1,OP-B,60.0,74.22,1.36,0.21,106.75,1.0,60.0,54,0,None,0.0,0,None,90.0,0.0,0.0
2026-05-14 10:00:00,Line-1,OP-C,60.0,73.66,1.11,-0.09,104.74,1.0,60.0,55,1,None,0.0,0,None,90.0,0.0,1.82
2026-05-14 11:00:00,Line-1,OP-A,60.0,74.91,1.21,-0.67,99.32,1.0,60.0,54,1,Dent,0.0,0,None,88.33,0.0,1.85
2026-05-14 12:00:00,Line-1,OP-A,60.0,74.34,1.07,0.34,101.27,1.0,60.0,57,1,None,0.0,0,None,93.33,0.0,1.75
2026-05-14 13:00:00,Line-1,OP-C,60.0,74.3,1.11,-0.2,98.14,1.0,60.0,55,0,None,0.0,0,None,91.67,0.0,0.0
2026-05-14 14:00:00,Line-1,OP-B,60.0,77.21,1.33,-0.21,85.78,1.0,60.0,55,0,None,0.0,0,None,91.67,0.0,0.0
2026-05-14 15:00:00,Line-1,OP-B,60.0,76.11,1.15,-0.03,100.1,1.0,60.0,54,0,None,0.0,0,None,90.0,0.0,0.0
2026-05-14 16:00:00,Line-1,OP-A,60.0,73.59,1.12,-0.12,101.53,1.0,60.0,56,1,None,0.0,0,None,91.67,0.0,1.79
2026-05-14 17:00:00,Line-1,OP-C,60.0,73.89,0.99,-0.18,91.94,1.0,60.0,59,1,None,0.0,0,None,96.67,0.0,1.69
2026-05-14 18:00:00,Line-1,OP-B,60.0,75.98,1.12,-0.64,102.5,1.0,60.0,55,0,None,0.0,0,None,91.67,0.0,0.0
2026-05-14 19:00:00,Line-1,OP-C,60.0,75.98,1.18,-0.06,98.6,1.0,60.0,58,1,None,0.0,0,None,95.0,0.0,1.72
2026-05-14 20:00:00,Line-1,OP-C,60.0,73.79,1.06,0.35,101.69,1.0,60.0,57,1,Scratch,0.0,0,None,93.33,0.0,1.75
2026-05-14 21:00:00,Line-1,OP-A,60.0,74.53,1.17,0.13,98.75,1.0,60.0,59,1,Scratch,0.0,0,None,96.67,0.0,1.69
2026-05-14 22:00:00,Line-1,OP-B,60.0,78.69,1.33,0.47,106.25,1.0,60.0,54,1,None,0.0,0,None,88.33,0.0,1.85
2026-05-14 23:00:00,Line-1,OP-A,60.0,73.83,1.13,-0.36,101.13,1.0,60.0,59,1,None,0.0,0,None,96.67,0.0,1.69
2026-05-15 00:00:00,Line-1,OP-B,60.0,78.82,1.11,-0.64,105.01,1.0,60.0,57,0,None,0.0,0,None,95.0,0.0,0.0
2026-05-15 01:00:00,Line-1,OP-B,60.0,77.21,1.09,-0.12,105.42,1.0,60.0,59,1,None,0.0,0,None,96.67,0.0,1.69
2026-05-15 02:00:00,Line-1,OP-B,60.0,78.45,1.09,-0.31,94.4,1.0,60.0,59,0,None,0.0,0,None,98.33,0.0,0.0
2026-05-15 03:00:00,Line-1,OP-B,60.0,73.74,1.25,-0.26,96.3,1.0,60.0,55,0,None,0.0,0,None,91.67,0.0,0.0
2026-05-15 04:00:00,Line-1,OP-B,60.0,74.66,1.2,0.11,102.26,1.0,60.0,54,0,Scratch,0.0,0,None,90.0,0.0,0.0
2026-05-15 05:00:00,Line-1,OP-C,60.0,74.1,1.3,-0.25,98.17,1.0,60.0,55,0,None,0.0,0,None,91.67,0.0,0.0
2026-05-15 06:00:00,Line-1,OP-A,60.0,77.25,1.4,-0.63,98.81,1.0,60.0,57,0,None,0.0,0,None,95.0,0.0,0.0
2026-05-15 07:00:00,Line-1,OP-C,60.0,73.86,1.02,-0.28,106.43,1.0,60.0,55,0,None,0.0,0,None,91.67,0.0,0.0
2026-05-15 08:00:00,Line-1,OP-B,60.0,76.46,1.24,0.17,98.45,1.0,60.0,55,1,None,0.0,0,None,90.0,0.0,1.82
2026-05-15 09:00:00,Line-1,OP-A,60.0,76.36,1.09,0.34,95.16,1.0,60.0,56,0,None,0.0,0,None,93.33,0.0,0.0
2026-05-15 10:00:00,Line-1,OP-B,60.0,74.9,1.28,0.33,95.83,1.0,60.0,54,1,None,0.0,0,None,88.33,0.0,1.85
2026-05-15 11:00:00,Line-1,OP-A,60.0,77.6,1.17,0.21,110.91,1.0,60.0,54,0,Scratch,0.0,0,None,90.0,0.0,0.0
2026-05-15 12:00:00,Line-1,OP-C,60.0,75.22,1.2,-0.08,99.11,1.0,60.0,56,1,None,0.0,0,None,91.67,0.0,1.79
2026-05-15 13:00:00,Line-1,OP-A,60.0,76.67,1.07,0.2,93.18,1.0,60.0,54,1,None,0.0,0,None,88.33,0.0,1.85
2026-05-15 14:00:00,Line-1,OP-A,60.0,74.01,1.16,-0.02,91.15,1.0,60.0,56,0,Alignment,0.0,0,None,93.33,0.0,0.0
2026-05-15 15:00:00,Line-1,OP-A,60.0,73.55,1.21,0.06,96.88,1.0,60.0,56,1,None,0.0,0,None,91.67,0.0,1.79
2026-05-15 16:00:00,Line-1,OP-A,60.0,76.46,1.34,-0.47,99.02,1.0,60.0,56,1,None,0.0,0,None,91.67,0.0,1.79
2026-05-15 17:00:00,Line-1,OP-A,60.0,75.86,1.12,0.02,104.75,1.0,60.0,59,1,None,0.0,0,None,96.67,0.0,1.69
2026-05-15 18:00:00,Line-1,OP-B,60.0,75.49,1.14,0.19,104.26,1.0,60.0,57,1,None,0.0,0,None,93.33,0.0,1.75
2026-05-15 19:00:00,Line-1,OP-A,60.0,74.31,1.29,0.17,99.97,1.0,60.0,56,1,None,0.0,0,None,91.67,0.0,1.79
2026-05-15 20:00:00,Line-1,OP-A,60.0,78.1,1.11,-0.64,97.73,1.0,60.0,56,1,None,0.0,0,None,91.67,0.0,1.79
2026-05-15 21:00:00,Line-1,OP-C,60.0,72.77,1.31,0.05,101.7,1.0,60.0,58,1,Alignment,0.0,0,None,95.0,0.0,1.72
2026-05-15 22:00:00,Line-1,OP-A,60.0,72.66,1.2,-0.72,91.26,1.0,60.0,59,0,None,0.0,0,None,98.33,0.0,0.0
2026-05-15 23:00:00,Line-1,OP-C,60.0,76.88,1.23,0.09,109.91,1.0,60.0,59,1,None,0.0,0,None,96.67,0.0,1.69
2026-05-16 00:00:00,Line-1,OP-B,60.0,76.72,1.24,-0.35,103.27,1.0,60.0,58,1,None,0.0,0,None,95.0,0.0,1.72
2026-05-16 01:00:00,Line-1,OP-A,60.0,75.71,1.14,0.85,104.33,1.0,60.0,54,1,None,0.0,0,None,88.33,0.0,1.85
2026-05-16 02:00:00,Line-1,OP-C,60.0,74.42,1.24,0.06,94.63,1.0,60.0,55,0,None,0.0,0,None,91.67,0.0,0.0
2026-05-16 03:00:00,Line-1,OP-C,60.0,76.0,1.12,0.4,106.41,1.0,60.0,54,1,None,0.0,0,None,88.33,0.0,1.85
2026-05-16 04:00:00,Line-1,OP-B,60.0,78.44,1.15,1.06,97.7,1.0,60.0,59,1,None,0.0,0,None,96.67,0.0,1.69
2026-05-16 05:00:00,Line-1,OP-A,60.0,80.03,1.26,-0.41,95.24,1.0,60.0,57,0,None,0.0,0,None,95.0,0.0,0.0
2026-05-16 06:00:00,Line-1,OP-A,60.0,71.69,1.23,0.22,99.8,1.0,60.0,58,1,Alignment,0.0,0,None,95.0,0.0,1.72
2026-05-16 07:00:00,Line-1,OP-C,60.0,74.16,1.19,-0.59,99.69,1.0,60.0,55,1,None,0.0,0,None,90.0,0.0,1.82
2026-05-16 08:00:00,Line-1,OP-A,60.0,74.04,1.07,0.17,94.61,1.0,60.0,59,1,None,0.0,0,None,96.67,0.0,1.69
2026-05-16 09:00:00,Line-1,OP-C,60.0,78.25,1.1,0.88,95.53,1.0,60.0,55,1,Dent,0.0,0,None,90.0,0.0,1.82
2026-05-16 10:00:00,Line-1,OP-A,60.0,70.04,1.23,-0.31,95.13,1.0,60.0,54,0,None,0.0,0,None,90.0,0.0,0.0
2026-05-16 11:00:00,Line-1,OP-C,60.0,76.03,1.27,-0.44,95.18,1.0,60.0,56,1,None,0.0,0,None,91.67,0.0,1.79
2026-05-16 12:00:00,Line-1,OP-A,60.0,74.49,1.09,-0.05,98.06,1.0,60.0,57,1,Scratch,0.0,0,None,93.33,0.0,1.75
2026-05-16 13:00:00,Line-1,OP-B,60.0,78.28,1.12,1.02,93.06,1.0,60.0,56,0,None,0.0,0,None,93.33,0.0,0.0
2026-05-16 14:00:00,Line-1,OP-A,60.0,78.0,1.21,0.39,96.54,1.0,60.0,59,0,None,0.0,0,None,98.33,0.0,0.0
2026-05-16 15:00:00,Line-1,OP-A,60.0,75.73,1.21,-0.45,105.23,1.0,60.0,54,1,None,0.0,0,None,88.33,0.0,1.85
2026-05-16 16:00:00,Line-1,OP-B,60.0,71.84,1.04,0.73,104.12,1.0,60.0,57,0,None,0.0,0,None,95.0,0.0,0.0
2026-05-16 17:00:00,Line-1,OP-A,60.0,73.85,1.22,-0.83,94.75,1.0,60.0,57,0,None,0.0,0,None,95.0,0.0,0.0
2026-05-16 18:00:00,Line-1,OP-B,60.0,74.07,1.14,1.07,104.79,1.0,60.0,55,1,None,0.0,0,None,90.0,0.0,1.82
2026-05-16 19:00:00,Line-1,OP-A,60.0,72.35,1.36,0.43,90.17,1.0,60.0,58,0,None,0.0,0,None,96.67,0.0,0.0
2026-05-16 20:00:00,Line-1,OP-C,60.0,77.31,1.22,0.88,112.15,1.0,60.0,58,1,None,0.0,0,None,95.0,0.0,1.72
2026-05-16 21:00:00,Line-1,OP-C,60.0,72.09,1.24,-0.82,106.5,1.0,60.0,58,0,None,0.0,0,None,96.67,0.0,0.0
2026-05-16 22:00:00,Line-1,OP-A,60.0,78.93,1.24,0.08,97.2,1.0,60.0,59,1,None,0.0,0,None,96.67,0.0,1.69
2026-05-16 23:00:00,Line-1,OP-A,60.0,78.93,1.08,-0.07,101.91,1.0,60.0,58,1,Scratch,0.0,0,None,95.0,0.0,1.72
2026-05-17 00:00:00,Line-1,OP-A,60.0,74.23,1.39,-0.5,93.0,1.0,60.0,55,0,None,0.0,0,None,91.67,0.0,0.0
2026-05-17 01:00:00,Line-1,OP-C,60.0,75.66,1.04,-0.65,100.3,1.0,60.0,58,1,Scratch,0.0,0,None,95.0,0.0,1.72
2026-05-17 02:00:00,Line-1,OP-A,60.0,74.86,1.28,0.25,99.08,1.0,60.0,55,0,None,0.0,0,None,91.67,0.0,0.0
2026-05-17 03:00:00,Line-1,OP-C,60.0,76.8,1.26,0.3,95.83,1.0,60.0,55,1,None,0.0,0,None,90.0,0.0,1.82
2026-05-17 04:00:00,Line-1,OP-B,60.0,77.55,1.15,0.65,97.66,1.0,60.0,54,1,None,0.0,0,None,88.33,0.0,1.85
2026-05-17 05:00:00,Line-1,OP-C,60.0,75.52,1.27,-0.25,97.17,1.0,60.0,58,1,None,0.0,0,None,95.0,0.0,1.72
2026-05-17 06:00:00,Line-1,OP-C,60.0,75.94,1.17,-0.07,94.34,1.0,60.0,58,1,None,0.0,0,None,95.0,0.0,1.72
2026-05-17 07:00:00,Line-1,OP-B,60.0,73.76,1.13,-0.69,95.71,1.0,60.0,55,0,None,0.0,0,None,91.67,0.0,0.0
2026-05-17 08:00:00,Line-1,OP-C,60.0,75.87,1.25,0.77,92.79,1.0,60.0,58,1,None,0.0,0,None,95.0,0.0,1.72
2026-05-17 09:00:00,Line-1,OP-A,60.0,75.33,1.1,0.03,104.29,1.0,60.0,59,1,None,0.0,0,None,96.67,0.0,1.69
2026-05-17 10:00:00,Line-1,OP-A,60.0,73.18,1.18,0.36,95.34,1.0,60.0,54,0,None,0.0,0,None,90.0,0.0,0.0
2026-05-17 11:00:00,Line-1,OP-C,60.0,74.97,1.14,0.38,93.89,1.0,60.0,55,1,None,0.0,0,None,90.0,0.0,1.82
2026-05-17 12:00:00,Line-1,OP-A,60.0,74.23,1.17,0.73,104.21,1.0,60.0,58,0,None,0.0,0,None,96.67,0.0,0.0
2026-05-17 13:00:00,Line-1,OP-C,60.0,73.78,1.24,-0.42,101.85,1.0,60.0,55,1,None,0.0,0,None,90.0,0.0,1.82
2026-05-17 14:00:00,Line-1,OP-A,60.0,72.71,1.14,0.35,104.02,1.0,60.0,57,0,None,0.0,0,None,95.0,0.0,0.0
2026-05-17 15:00:00,Line-1,OP-A,60.0,75.13,1.18,-0.01,104.58,1.0,60.0,54,1,None,0.0,0,None,88.33,0.0,1.85
2026-05-17 16:00:00,Line-1,OP-C,60.0,73.44,1.15,1.05,109.69,1.0,60.0,56,0,None,0.0,0,None,93.33,0.0,0.0
2026-05-17 17:00:00,Line-1,OP-A,60.0,74.06,1.34,-0.42,99.22,1.0,60.0,58,0,Alignment,0.0,0,None,96.67,0.0,0.0
2026-05-17 18:00:00,Line-1,OP-C,60.0,77.15,1.23,0.59,92.71,1.0,60.0,58,1,None,0.0,0,None,95.0,0.0,1.72
2026-05-17 19:00:00,Line-1,OP-A,60.0,76.26,1.22,0.18,101.36,1.0,60.0,58,1,None,0.0,0,None,95.0,0.0,1.72
2026-05-17 20:00:00,Line-1,OP-A,60.0,73.04,1.27,0.15,96.65,1.0,60.0,59,1,None,0.0,0,None,96.67,0.0,1.69
2026-05-17 21:00:00,Line-1,OP-B,60.0,75.7,1.14,0.03,95.21,1.0,60.0,58,0,Dent,0.0,0,None,96.67,0.0,0.0
2026-05-17 22:00:00,Line-1,OP-B,60.0,75.27,1.29,0.67,100.5,1.0,60.0,58,0,None,0.0,0,None,96.67,0.0,0.0
2026-05-17 23:00:00,Line-1,OP-C,60.0,78.4,1.23,0.13,104.33,1.0,60.0,54,1,Alignment,0.0,0,None,88.33,0.0,1.85
2026-05-18 00:00:00,Line-1,OP-B,60.0,77.77,1.04,-0.76,95.82,1.0,60.0,57,1,None,0.0,0,None,93.33,0.0,1.75
2026-05-18 01:00:00,Line-1,OP-C,60.0,71.93,1.06,0.61,106.37,1.0,60.0,54,0,None,0.0,0,None,90.0,0.0,0.0
2026-05-18 02:00:00,Line-1,OP-B,60.0,76.72,1.14,0.52,95.05,1.0,60.0,58,1,Scratch,0.0,0,None,95.0,0.0,1.72
2026-05-18 03:00:00,Line-1,OP-A,60.0,77.53,1.07,0.29,98.78,1.0,60.0,55,1,None,0.0,0,None,90.0,0.0,1.82
2026-05-18 04:00:00,Line-1,OP-C,60.0,76.12,1.18,-0.56,101.93,1.0,60.0,57,1,None,0.0,0,None,93.33,0.0,1.75
2026-05-18 05:00:00,Line-1,OP-C,60.0,74.33,1.1,-0.49,98.06,1.0,60.0,55,1,None,0.0,0,None,90.0,0.0,1.82
2026-05-18 06:00:00,Line-1,OP-A,60.0,79.83,1.19,-0.94,91.12,1.0,60.0,58,1,Dent,0.0,0,None,95.0,0.0,1.72
2026-05-18 07:00:00,Line-1,OP-C,60.0,76.3,1.34,0.23,104.64,1.0,60.0,59,0,None,0.0,0,None,98.33,0.0,0.0
2026-05-18 08:00:00,Line-1,OP-C,60.0,78.95,1.2,-0.67,96.88,1.0,60.0,56,0,None,0.0,0,None,93.33,0.0,0.0
2026-05-18 09:00:00,Line-1,OP-B,60.0,77.7,1.17,-0.86,103.72,1.0,60.0,59,1,None,0.0,0,None,96.67,0.0,1.69
2026-05-18 10:00:00,Line-1,OP-C,60.0,75.93,1.24,0.64,93.68,1.0,60.0,55,1,None,0.0,0,None,90.0,0.0,1.82
2026-05-18 11:00:00,Line-1,OP-A,60.0,73.84,1.13,0.38,94.53,1.0,60.0,57,1,Scratch,0.0,0,None,93.33,0.0,1.75
2026-05-18 12:00:00,Line-1,OP-B,60.0,74.95,1.28,-0.17,104.31,1.0,60.0,59,1,None,0.0,0,None,96.67,0.0,1.69
2026-05-18 13:00:00,Line-1,OP-B,60.0,74.56,1.25,-0.07,101.7,1.0,60.0,55,1,None,0.0,0,None,90.0,0.0,1.82
2026-05-18 14:00:00,Line-1,OP-A,60.0,72.57,1.2,-1.2,97.81,1.0,60.0,59,1,Dent,0.0,0,None,96.67,0.0,1.69
2026-05-18 15:00:00,Line-1,OP-A,60.0,76.3,1.22,0.46,101.78,1.0,60.0,54,0,None,0.0,0,None,90.0,0.0,0.0
2026-05-18 16:00:00,Line-1,OP-B,60.0,78.13,1.4,-0.35,95.23,1.0,60.0,54,0,None,0.0,0,None,90.0,0.0,0.0
2026-05-18 17:00:00,Line-1,OP-C,60.0,74.4,1.29,2.77,100.55,1.0,60.0,59,14,Alignment,0.0,0,None,75.0,0.0,23.73
2026-05-18 18:00:00,Line-1,OP-B,60.0,79.33,1.42,-1.24,100.64,1.0,60.0,54,1,None,0.0,0,None,88.33,0.0,1.85
2026-05-18 19:00:00,Line-1,OP-A,60.0,71.88,1.25,0.49,98.13,1.0,60.0,59,0,None,0.0,0,None,98.33,0.0,0.0
2026-05-18 20:00:00,Line-1,OP-B,60.0,77.11,1.05,-0.38,95.82,1.0,60.0,59,1,None,0.0,0,None,96.67,0.0,1.69
2026-05-18 21:00:00,Line-1,OP-A,60.0,78.34,1.17,-0.69,100.35,1.0,60.0,54,1,None,0.0,0,None,88.33,0.0,1.85
2026-05-18 22:00:00,Line-1,OP-B,60.0,74.59,1.03,-0.17,99.73,1.0,60.0,57,1,None,0.0,0,None,93.33,0.0,1.75
2026-05-18 23:00:00,Line-1,OP-C,60.0,74.63,1.25,-0.3,97.67,1.0,60.0,55,0,Scratch,0.0,0,None,91.67,0.0,0.0
2026-05-19 00:00:00,Line-1,OP-B,60.0,77.09,1.27,0.54,94.83,1.0,60.0,56,1,None,0.0,0,None,91.67,0.0,1.79
2026-05-19 01:00:00,Line-1,OP-B,60.0,76.01,1.11,-0.21,100.06,1.0,60.0,54,0,None,0.0,0,None,90.0,0.0,0.0
2026-05-19 02:00:00,Line-1,OP-A,60.0,71.01,1.13,0.68,97.68,1.0,60.0,55,1,None,0.0,0,None,90.0,0.0,1.82
2026-05-19 03:00:00,Line-1,OP-A,60.0,73.31,1.21,0.17,94.83,1.0,60.0,56,0,Alignment,0.0,0,None,93.33,0.0,0.0
2026-05-19 04:00:00,Line-1,OP-A,60.0,74.97,1.08,0.45,100.22,1.0,60.0,56,1,None,0.0,0,None,91.67,0.0,1.79
2026-05-19 05:00:00,Line-1,OP-B,60.0,72.26,1.07,-0.0,108.04,1.0,60.0,59,0,None,0.0,0,None,98.33,0.0,0.0
2026-05-19 06:00:00,Line-1,OP-C,60.0,74.05,1.32,0.64,98.17,1.0,60.0,58,1,None,0.0,0,None,95.0,0.0,1.72
2026-05-19 07:00:00,Line-1,OP-A,60.0,72.31,1.21,-0.58,107.49,1.0,60.0,58,1,None,0.0,0,None,95.0,0.0,1.72
2026-05-19 08:00:00,Line-1,OP-A,60.0,74.26,1.14,0.06,110.57,1.0,60.0,57,0,None,0.0,0,None,95.0,0.0,0.0
2026-05-19 09:00:00,Line-1,OP-B,60.0,74.33,1.03,-0.2,95.23,1.0,60.0,59,1,None,0.0,0,None,96.67,0.0,1.69
2026-05-19 10:00:00,Line-1,OP-A,60.0,75.7,1.29,0.7,100.05,1.0,60.0,56,0,None,0.0,0,None,93.33,0.0,0.0
2026-05-19 11:00:00,Line-1,OP-C,60.0,74.82,1.13,0.75,110.52,1.0,60.0,58,0,Alignment,0.0,0,None,96.67,0.0,0.0
2026-05-19 12:00:00,Line-1,OP-C,60.0,76.01,1.39,0.0,99.39,1.0,60.0,59,1,None,0.0,0,None,96.67,0.0,1.69
2026-05-19 13:00:00,Line-1,OP-A,60.0,75.77,1.29,-0.65,100.18,1.0,60.0,55,0,None,0.0,0,None,91.67,0.0,0.0
2026-05-19 14:00:00,Line-1,OP-A,60.0,77.06,1.12,0.21,91.65,1.0,60.0,58,1,None,0.0,0,None,95.0,0.0,1.72
2026-05-19 15:00:00,Line-1,OP-B,60.0,76.75,1.13,-0.83,97.34,1.0,60.0,59,1,None,0.0,0,None,96.67,0.0,1.69
2026-05-19 16:00:00,Line-1,OP-C,60.0,76.54,1.37,0.81,102.78,1.0,60.0,59,1,None,0.0,0,None,96.67,0.0,1.69
2026-05-19 17:00:00,Line-1,OP-C,60.0,81.21,1.19,-0.24,112.15,1.0,60.0,58,0,None,0.0,0,None,96.67,0.0,0.0
2026-05-19 18:00:00,Line-1,OP-A,60.0,75.69,1.15,-0.02,99.02,1.0,60.0,55,1,None,0.0,0,None,90.0,0.0,1.82
2026-05-19 19:00:00,Line-1,OP-B,60.0,80.19,1.2,-0.34,91.69,1.0,60.0,55,1,None,0.0,0,None,90.0,0.0,1.82
2026-05-19 20:00:00,Line-1,OP-C,60.0,75.82,1.15,-0.45,92.97,1.0,60.0,54,0,None,0.0,0,None,90.0,0.0,0.0
2026-05-19 21:00:00,Line-1,OP-C,60.0,74.83,1.22,0.37,99.82,1.0,60.0,58,1,None,0.0,0,None,95.0,0.0,1.72
2026-05-19 22:00:00,Line-1,OP-B,60.0,74.25,1.19,-0.08,105.89,1.0,60.0,54,0,None,0.0,0,None,90.0,0.0,0.0
2026-05-19 23:00:00,Line-1,OP-B,60.0,78.02,1.29,0.02,103.19,1.0,60.0,59,1,None,0.0,0,None,96.67,0.0,1.69
2026-05-20 00:00:00,Line-1,OP-C,60.0,78.28,1.16,-0.5,102.3,1.0,60.0,54,0,None,0.0,0,None,90.0,0.0,0.0
2026-05-20 01:00:00,Line-1,OP-C,60.0,76.2,1.11,0.43,106.55,1.0,60.0,55,1,None,0.0,0,None,90.0,0.0,1.82
2026-05-20 02:00:00,Line-1,OP-B,60.0,77.27,1.17,0.48,96.4,1.0,60.0,56,1,None,0.0,0,None,91.67,0.0,1.79
2026-05-20 03:00:00,Line-1,OP-C,60.0,72.45,1.16,-0.1,100.1,1.0,60.0,58,0,Scratch,0.0,0,None,96.67,0.0,0.0
2026-05-20 04:00:00,Line-1,OP-A,60.0,71.9,1.19,0.63,97.4,1.0,60.0,54,0,None,0.0,0,None,90.0,0.0,0.0
2026-05-20 05:00:00,Line-1,OP-A,60.0,77.49,1.26,-0.05,98.64,1.0,60.0,56,1,None,0.0,0,None,91.67,0.0,1.79
2026-05-20 06:00:00,Line-1,OP-B,60.0,74.75,1.26,3.13,94.97,1.0,60.0,56,12,Alignment,0.0,0,None,73.33,0.0,21.43
2026-05-20 07:00:00,Line-1,OP-B,60.0,76.5,1.32,-0.81,98.28,1.0,60.0,55,0,None,0.0,0,None,91.67,0.0,0.0
2026-05-20 08:00:00,Line-1,OP-B,60.0,73.57,1.12,0.18,99.86,1.0,60.0,54,0,None,0.0,0,None,90.0,0.0,0.0
2026-05-20 09:00:00,Line-1,OP-A,60.0,78.31,1.24,-0.14,98.14,1.0,60.0,59,1,Dent,0.0,0,None,96.67,0.0,1.69
2026-05-20 10:00:00,Line-1,OP-C,60.0,71.92,1.27,0.08,99.19,1.0,60.0,57,1,None,0.0,0,None,93.33,0.0,1.75
2026-05-20 11:00:00,Line-1,OP-A,60.0,72.23,1.13,0.06,102.03,1.0,60.0,54,1,Alignment,0.0,0,None,88.33,0.0,1.85
2026-05-20 12:00:00,Line-1,OP-C,60.0,77.89,1.18,0.06,106.19,1.0,60.0,58,1,Scratch,0.0,0,None,95.0,0.0,1.72
2026-05-20 13:00:00,Line-1,OP-A,60.0,69.78,1.03,0.31,106.56,1.0,60.0,59,0,None,0.0,0,None,98.33,0.0,0.0
2026-05-20 14:00:00,Line-1,OP-C,60.0,75.76,1.29,-0.28,103.81,1.0,60.0,57,1,None,0.0,0,None,93.33,0.0,1.75
2026-05-20 15:00:00,Line-1,OP-A,60.0,74.79,1.18,0.28,93.7,1.0,60.0,57,1,None,0.0,0,None,93.33,0.0,1.75
2026-05-20 16:00:00,Line-1,OP-B,60.0,73.53,1.28,0.62,98.2,1.0,60.0,59,0,None,0.0,0,None,98.33,0.0,0.0
2026-05-20 17:00:00,Line-1,OP-A,60.0,74.6,1.22,-0.71,98.63,1.0,60.0,59,1,Dent,0.0,0,None,96.67,0.0,1.69
2026-05-20 18:00:00,Line-1,OP-C,60.0,73.3,1.18,-0.39,96.71,1.0,60.0,58,1,None,0.0,0,None,95.0,0.0,1.72
2026-05-20 19:00:00,Line-1,OP-A,60.0,78.08,1.04,-0.37,101.71,1.0,60.0,56,0,Scratch,0.0,0,None,93.33,0.0,0.0
2026-05-20 20:00:00,Line-1,OP-A,60.0,78.61,1.06,-0.55,92.03,1.0,60.0,57,1,None,0.0,0,None,93.33,0.0,1.75
2026-05-20 21:00:00,Line-1,OP-A,60.0,73.63,0.94,-0.24,108.47,1.0,60.0,58,0,Scratch,0.0,0,None,96.67,0.0,0.0
2026-05-20 22:00:00,Line-1,OP-B,60.0,75.55,1.14,0.52,105.98,1.0,60.0,55,1,Dent,0.0,0,None,90.0,0.0,1.82
2026-05-20 23:00:00,Line-1,OP-A,60.0,72.35,1.43,0.72,102.39,1.0,60.0,56,1,None,0.0,0,None,91.67,0.0,1.79
2026-05-21 00:00:00,Line-1,OP-B,60.0,77.15,1.07,0.05,99.69,1.0,60.0,58,0,None,0.0,0,None,96.67,0.0,0.0
2026-05-21 01:00:00,Line-1,OP-B,60.0,77.09,0.94,-0.16,106.14,1.0,60.0,57,1,None,0.0,0,None,93.33,0.0,1.75
2026-05-21 02:00:00,Line-1,OP-A,60.0,74.41,1.3,0.4,103.45,1.0,60.0,56,1,Scratch,0.0,0,None,91.67,0.0,1.79
2026-05-21 03:00:00,Line-1,OP-A,60.0,75.03,1.44,-1.18,105.53,1.0,60.0,57,1,Alignment,0.0,0,None,93.33,0.0,1.75
2026-05-21 04:00:00,Line-1,OP-A,60.0,74.81,1.23,-0.53,99.7,1.0,60.0,54,1,None,0.0,0,None,88.33,0.0,1.85
2026-05-21 05:00:00,Line-1,OP-C,60.0,71.76,1.23,-1.16,108.95,1.0,60.0,56,1,None,0.0,0,None,91.67,0.0,1.79
2026-05-21 06:00:00,Line-1,OP-A,60.0,78.09,1.17,-0.53,105.83,1.0,60.0,58,1,None,0.0,0,None,95.0,0.0,1.72
2026-05-21 07:00:00,Line-1,OP-B,60.0,73.47,1.02,-0.38,102.55,1.0,60.0,55,1,Scratch,0.0,0,None,90.0,0.0,1.82
2026-05-21 08:00:00,Line-1,OP-A,60.0,73.48,1.05,0.74,106.28,1.0,60.0,55,1,None,0.0,0,None,90.0,0.0,1.82
2026-05-21 09:00:00,Line-1,OP-C,60.0,74.7,1.17,-1.38,97.9,1.0,60.0,59,0,Scratch,0.0,0,None,98.33,0.0,0.0
2026-05-21 10:00:00,Line-1,OP-A,60.0,76.99,1.15,-0.21,94.16,1.0,60.0,55,1,None,0.0,0,None,90.0,0.0,1.82
2026-05-21 11:00:00,Line-1,OP-C,60.0,73.82,1.19,0.31,101.61,1.0,60.0,55,1,None,0.0,0,None,90.0,0.0,1.82
2026-05-21 12:00:00,Line-1,OP-C,60.0,71.1,1.28,0.21,99.71,1.0,60.0,59,1,None,0.0,0,None,96.67,0.0,1.69
2026-05-21 13:00:00,Line-1,OP-A,60.0,73.23,1.14,0.73,99.01,1.0,60.0,58,1,None,0.0,0,None,95.0,0.0,1.72
2026-05-21 14:00:00,Line-1,OP-B,60.0,75.85,1.28,0.08,106.08,1.0,60.0,58,1,None,0.0,0,None,95.0,0.0,1.72
2026-05-21 15:00:00,Line-1,OP-C,60.0,79.38,1.14,0.19,100.84,1.0,60.0,59,1,None,0.0,0,None,96.67,0.0,1.69
2026-05-21 16:00:00,Line-1,OP-A,60.0,72.48,1.3,-0.92,101.32,1.0,60.0,54,0,None,0.0,0,None,90.0,0.0,0.0
2026-05-21 17:00:00,Line-1,OP-A,60.0,72.41,1.21,-0.49,98.36,1.0,60.0,58,0,None,0.0,0,None,96.67,0.0,0.0
2026-05-21 18:00:00,Line-1,OP-B,60.0,71.97,1.16,-0.89,104.41,1.0,60.0,57,1,None,0.0,0,None,93.33,0.0,1.75
2026-05-21 19:00:00,Line-1,OP-C,60.0,71.73,1.21,0.29,103.51,1.0,60.0,58,0,None,0.0,0,None,96.67,0.0,0.0
2026-05-21 20:00:00,Line-1,OP-C,60.0,77.41,1.17,0.17,104.37,1.0,60.0,57,0,Alignment,0.0,0,None,95.0,0.0,0.0
2026-05-21 21:00:00,Line-1,OP-A,60.0,77.99,1.21,0.16,97.51,1.0,60.0,57,0,None,0.0,0,None,95.0,0.0,0.0
2026-05-21 22:00:00,Line-1,OP-A,60.0,75.36,1.28,-0.44,106.52,1.0,60.0,56,1,Alignment,0.0,0,None,91.67,0.0,1.79
2026-05-21 23:00:00,Line-1,OP-B,60.0,74.06,1.19,-0.49,109.19,1.0,60.0,56,1,None,0.0,0,None,91.67,0.0,1.79
2026-05-22 00:00:00,Line-1,OP-B,60.0,78.58,1.16,0.1,104.21,1.0,60.0,58,1,None,0.0,0,None,95.0,0.0,1.72
2026-05-22 01:00:00,Line-1,OP-C,60.0,75.35,1.09,-0.33,95.95,1.0,60.0,57,1,None,0.0,0,None,93.33,0.0,1.75
2026-05-22 02:00:00,Line-1,OP-C,60.0,77.18,1.26,-0.51,95.99,1.0,60.0,57,0,None,0.0,0,None,95.0,0.0,0.0
2026-05-22 03:00:00,Line-1,OP-A,60.0,73.97,1.23,-0.25,98.12,1.0,60.0,56,1,None,0.0,0,None,91.67,0.0,1.79
2026-05-22 04:00:00,Line-1,OP-C,60.0,75.09,1.08,-0.33,97.18,1.0,60.0,57,1,None,0.0,0,None,93.33,0.0,1.75
2026-05-22 05:00:00,Line-1,OP-B,60.0,72.53,1.28,-0.43,99.64,1.0,60.0,58,1,None,0.0,0,None,95.0,0.0,1.72
2026-05-22 06:00:00,Line-1,OP-B,60.0,76.26,1.08,-0.61,103.16,1.0,60.0,58,0,None,0.0,0,None,96.67,0.0,0.0
2026-05-22 07:00:00,Line-1,OP-A,60.0,75.38,1.3,0.22,101.45,1.0,60.0,58,0,None,0.0,0,None,96.67,0.0,0.0
2026-05-22 08:00:00,Line-1,OP-B,60.0,73.21,1.27,0.78,101.01,1.0,60.0,59,0,None,0.0,0,None,98.33,0.0,0.0
2026-05-22 09:00:00,Line-1,OP-B,60.0,73.24,1.24,-0.02,98.79,1.0,60.0,58,1,None,0.0,0,None,95.0,0.0,1.72
2026-05-22 10:00:00,Line-1,OP-B,60.0,78.23,1.16,0.11,99.63,1.0,60.0,57,1,None,0.0,0,None,93.33,0.0,1.75
2026-05-22 11:00:00,Line-1,OP-B,60.0,78.94,1.26,0.27,103.98,1.0,60.0,58,1,None,0.0,0,None,95.0,0.0,1.72
2026-05-22 12:00:00,Line-1,OP-A,60.0,74.57,1.31,0.18,89.94,1.0,60.0,59,1,None,0.0,0,None,96.67,0.0,1.69
2026-05-22 13:00:00,Line-1,OP-A,60.0,75.14,1.26,-0.42,99.94,1.0,60.0,57,1,None,0.0,0,None,93.33,0.0,1.75
2026-05-22 14:00:00,Line-1,OP-C,60.0,75.8,1.13,0.86,101.44,1.0,60.0,58,1,Scratch,0.0,0,None,95.0,0.0,1.72
2026-05-22 15:00:00,Line-1,OP-B,60.0,75.3,1.23,-0.38,103.92,1.0,60.0,58,0,Scratch,0.0,0,None,96.67,0.0,0.0
